-- MySQL dump 10.13  Distrib 8.0.20, for Linux (x86_64)
--
-- Host: localhost    Database: ry-vue
-- ------------------------------------------------------
-- Server version	8.0.20

/*!40101 SET @OLD_CHARACTER_SET_CLIENT=@@CHARACTER_SET_CLIENT */;
/*!40101 SET @OLD_CHARACTER_SET_RESULTS=@@CHARACTER_SET_RESULTS */;
/*!40101 SET @OLD_COLLATION_CONNECTION=@@COLLATION_CONNECTION */;
/*!50503 SET NAMES utf8mb4 */;
/*!40103 SET @OLD_TIME_ZONE=@@TIME_ZONE */;
/*!40103 SET TIME_ZONE='+00:00' */;
/*!40014 SET @OLD_UNIQUE_CHECKS=@@UNIQUE_CHECKS, UNIQUE_CHECKS=0 */;
/*!40014 SET @OLD_FOREIGN_KEY_CHECKS=@@FOREIGN_KEY_CHECKS, FOREIGN_KEY_CHECKS=0 */;
/*!40101 SET @OLD_SQL_MODE=@@SQL_MODE, SQL_MODE='NO_AUTO_VALUE_ON_ZERO' */;
/*!40111 SET @OLD_SQL_NOTES=@@SQL_NOTES, SQL_NOTES=0 */;

--
-- Table structure for table `attendance`
--

DROP TABLE IF EXISTS `attendance`;
/*!40101 SET @saved_cs_client     = @@character_set_client */;
/*!50503 SET character_set_client = utf8mb4 */;
CREATE TABLE `attendance` (
  `att_id` bigint NOT NULL AUTO_INCREMENT COMMENT '考勤表主键ID',
  `user_id` bigint DEFAULT NULL COMMENT '用户ID',
  `sign_in_time` datetime DEFAULT NULL COMMENT '签到时间',
  `sign_out_time` datetime DEFAULT NULL COMMENT '签退时间',
  `address` varchar(255) CHARACTER SET utf8mb4 COLLATE utf8mb4_0900_ai_ci DEFAULT NULL COMMENT '签到位置',
  `remark` varchar(255) CHARACTER SET utf8mb4 COLLATE utf8mb4_0900_ai_ci DEFAULT NULL COMMENT '备注',
  PRIMARY KEY (`att_id`) USING BTREE
) ENGINE=InnoDB DEFAULT CHARSET=utf8mb4 COLLATE=utf8mb4_0900_ai_ci ROW_FORMAT=DYNAMIC;
/*!40101 SET character_set_client = @saved_cs_client */;

--
-- Dumping data for table `attendance`
--

LOCK TABLES `attendance` WRITE;
/*!40000 ALTER TABLE `attendance` DISABLE KEYS */;
/*!40000 ALTER TABLE `attendance` ENABLE KEYS */;
UNLOCK TABLES;

--
-- Table structure for table `chart`
--

DROP TABLE IF EXISTS `chart`;
/*!40101 SET @saved_cs_client     = @@character_set_client */;
/*!50503 SET character_set_client = utf8mb4 */;
CREATE TABLE `chart` (
  `id` bigint NOT NULL AUTO_INCREMENT COMMENT 'id',
  `goal` text CHARACTER SET utf8mb4 COLLATE utf8mb4_unicode_ci COMMENT '分析目标',
  `chartName` varchar(256) CHARACTER SET utf8mb4 COLLATE utf8mb4_unicode_ci DEFAULT NULL COMMENT '图表名称',
  `chartData` text CHARACTER SET utf8mb4 COLLATE utf8mb4_unicode_ci COMMENT '图表数据',
  `chartType` varchar(256) CHARACTER SET utf8mb4 COLLATE utf8mb4_unicode_ci DEFAULT NULL COMMENT '图表类型',
  `genChart` text CHARACTER SET utf8mb4 COLLATE utf8mb4_unicode_ci COMMENT '生成的图表信息',
  `genResult` text CHARACTER SET utf8mb4 COLLATE utf8mb4_unicode_ci COMMENT '生成的分析结论',
  `status` varchar(128) CHARACTER SET utf8mb4 COLLATE utf8mb4_unicode_ci NOT NULL DEFAULT 'wait' COMMENT 'wait,running,succeed,failed',
  `execMessage` text CHARACTER SET utf8mb4 COLLATE utf8mb4_unicode_ci COMMENT '执行信息',
  `userId` bigint DEFAULT NULL COMMENT '创建图标用户id',
  `createTime` datetime NOT NULL DEFAULT CURRENT_TIMESTAMP COMMENT '创建时间',
  `updateTime` datetime NOT NULL DEFAULT CURRENT_TIMESTAMP ON UPDATE CURRENT_TIMESTAMP COMMENT '更新时间',
  `isDelete` tinyint NOT NULL DEFAULT '0' COMMENT '是否删除',
  PRIMARY KEY (`id`) USING BTREE
) ENGINE=InnoDB AUTO_INCREMENT=9068996485242975573 DEFAULT CHARSET=utf8mb4 COLLATE=utf8mb4_unicode_ci ROW_FORMAT=DYNAMIC COMMENT='图表信息表';
/*!40101 SET character_set_client = @saved_cs_client */;

--
-- Dumping data for table `chart`
--

LOCK TABLES `chart` WRITE;
/*!40000 ALTER TABLE `chart` DISABLE KEYS */;
INSERT INTO `chart` VALUES (152788517859118481,'帮我分析网站增长趋势','网站增长趋势图2','日期,人数\n6.22,12\n6.23,1\n6.24,23\n6.25,44\n6.26,50\n6.27,40\n6.28,60\n',NULL,'{\n  \"title\": {\n    \"text\": \"网站增长趋势分析\"\n  },\n  \"tooltip\": {\n    \"trigger\": \"axis\"\n  },\n  \"legend\": {\n    \"data\": [\"人数\"]\n  },\n  \"toolbox\": {\n    \"feature\": {\n      \"saveAsImage\": {}\n    }\n  },\n  \"xAxis\": {\n    \"type\": \"category\",\n    \"boundaryGap\": false,\n    \"data\": [\"6.22\", \"6.23\", \"6.24\", \"6.25\", \"6.26\", \"6.27\", \"6.28\"]\n  },\n  \"yAxis\": {\n    \"type\": \"value\",\n    \"name\": \"人数\",\n    \"min\": 0\n  },\n  \"series\": [\n    {\n      \"name\": \"人数\",\n      \"type\": \"line\",\n      \"data\": [12, 1, 23, 44, 50, 40, 60],\n      \"areaStyle\": {}\n    }\n  ]\n}','根据数据分析，网站的增长趋势如下：\n\n- 从6.22至6.28期间，网站的人数呈现波动上升趋势。\n- 6.22日人数为12，6.23日出现下降至1，之后快速上升至6.24日的23人，6.25日继续增长至44人。\n- 6.26日达到峰值，人数为50人，随后在6.27日有所下降至40人，但在6.28日又增长至60人，达到分析期间内的最高值。\n- 整体来看，尽管中间有波动，但网站的人数在分析期间内总体呈现增长趋势。','wait',NULL,1,'2024-07-05 23:09:36','2024-07-05 23:09:36',0),(1087665615414267010,'网站增长趋势','123','日期,用户数\n1号,10\n2号,20\n3号,90\n4号,20\n5号,50\n',NULL,NULL,NULL,'wait',NULL,1,'2024-11-05 07:17:31','2024-11-05 10:34:06',1),(1911751060271259210,'帮我分析网站增长趋势','网站趋势图','日期,人数\n6.22,12\n6.23,1\n6.24,23\n6.25,44\n6.26,50\n6.27,40\n6.28,60\n','饼图','{\n  \"legend\": {\n    \"data\": [\"6.22\", \"6.23\", \"6.24\", \"6.25\", \"6.26\", \"6.27\", \"6.28\"]\n  },\n  \"series\": [\n    {\n      \"type\": \"pie\",\n      \"data\": [\n        {\"value\": 12, \"name\": \"6.22\"},\n        {\"value\": 1, \"name\": \"6.23\"},\n        {\"value\": 23, \"name\": \"6.24\"},\n        {\"value\": 44, \"name\": \"6.25\"},\n        {\"value\": 50, \"name\": \"6.26\"},\n        {\"value\": 40, \"name\": \"6.27\"},\n        {\"value\": 60, \"name\": \"6.28\"}\n      ]\n    }\n  ]\n}','根据数据分析，我们可以观察到以下趋势：\n\n- 6月22日至6月28日期间，网站访问人数呈现出波动上升的趋势。\n- 6月22日的人数最少，为12人。\n- 6月23日的人数出现下降，仅为1人，可能是由于特殊原因导致的异常数据。\n- 6月24日人数有所增加，达到23人。\n- 6月25日继续增长，达到44人。\n- 6月26日的人数最多，为50人，达到这一周的高峰。\n- 6月27日人数有所下降，为40人。\n- 6月28日再次上升至60人。\n\n整体来看，除了6月23日的异常数据外，网站访问人数呈现出一个逐渐增长的趋势，6月26日是人数最多的一天。这表明网站在这段时间内吸引了越来越多的访问者，增长趋势是积极的。','succeed',NULL,1,'2024-06-24 10:51:39','2024-06-24 10:57:53',0),(1927557565529880981,'13','123','日期,用户数\n1号,10\n2号,20\n3号,90\n4号,20\n5号,50\n',NULL,NULL,NULL,'wait',NULL,1,'2024-11-05 07:44:29','2024-11-05 10:33:18',1),(2834997899939986097,'网站增长趋势图','网站增长','日期,人数\n6.22,12\n6.23,1\n6.24,23\n6.25,44\n6.26,50\n6.27,40\n6.28,60\n','堆叠图','{\n  \"tooltip\": {\n    \"trigger\": \"axis\",\n    \"axisPointer\": {\n      \"type\": \"cross\",\n      \"label\": {\n        \"backgroundColor\": \"#6a7985\"\n      }\n    }\n  },\n  \"legend\": {\n    \"data\": [\"人数\"]\n  },\n  \"toolbox\": {\n    \"feature\": {\n      \"saveAsImage\": {}\n    }\n  },\n  \"grid\": {\n    \"left\": \"3%\",\n    \"right\": \"4%\",\n    \"bottom\": \"3%\",\n    \"containLabel\": true\n  },\n  \"xAxis\": [\n    {\n      \"type\": \"category\",\n      \"boundaryGap\": false,\n      \"data\": [\"6.22\", \"6.23\", \"6.24\", \"6.25\", \"6.26\", \"6.27\", \"6.28\"]\n    }\n  ],\n  \"yAxis\": [\n    {\n      \"type\": \"value\"\n    }\n  ],\n  \"series\": [\n    {\n      \"name\": \"人数\",\n      \"type\": \"line\",\n      \"stack\": \"总量\",\n      \"areaStyle\": {},\n      \"data\": [12, 1, 23, 44, 50, 40, 60]\n    }\n  ]\n}','根据数据分析，我们可以得出以下结论：\n\n1. 从6.22至6.28期间，网站的人数呈现增长趋势。\n2. 6.28的人数最多，达到60人，而6.23的人数最少，仅有1人。\n3. 在这段时间内，6.25至6.27的人数增长速度较快，尤其在6.26达到峰值50人。\n4. 通过堆叠图的方式可以看出每天人数的累积增长情况。\n\n这些结论可以帮助我们更好地了解网站的增长趋势，并为未来的决策提供依据。','succeed',NULL,1,'2024-06-24 11:11:44','2024-06-24 11:12:01',0),(3276925932755436293,'分析人口增长趋势','人口增长趋势','日期,用户数\n1号,10\n2号,20\n3号,90\n4号,20\n5号,50\n','堆叠图','{\n  \"title\": {\n    \"text\": \"人口增长趋势\"\n  },\n  \"tooltip\": {\n    \"trigger\": \"axis\",\n    \"axisPointer\": {\n      \"type\": \"shadow\"\n    }\n  },\n  \"grid\": {\n    \"left\": \"3%\",\n    \"right\": \"4%\",\n    \"bottom\": \"3%\",\n    \"containLabel\": true\n  },\n  \"toolbox\": {\n    \"feature\": {\n      \"saveAsImage\": {}\n    }\n  },\n  \"legend\": {\n    \"data\": [\"用户数\"]\n  },\n  \"xAxis\": {\n    \"type\": \"category\",\n    \"data\": [\"1号\", \"2号\", \"3号\", \"4号\", \"5号\"],\n    \"axisTick\": {\n      \"alignWithLabel\": true\n    }\n  },\n  \"yAxis\": {\n    \"type\": \"value\"\n  },\n  \"series\": [\n    {\n      \"name\": \"用户数\",\n      \"type\": \"bar\",\n      \"stack\": \"总量\",\n      \"data\": [10, 20, 90, 20, 50]\n    }\n  ]\n}','根据分析结果，从1号到3号用户数量增长迅速，但之后又出现了下降。','wait',NULL,2,'2024-01-24 16:57:36','2024-01-24 16:57:36',0),(3701883808831201273,'趋势','分析','日期,人数\n6.22,12\n6.23,1\n6.24,23\n6.25,44\n6.26,50\n6.27,40\n6.28,60\n','柱状图','{\n  \"tooltip\": {\n    \"trigger\": \"axis\",\n    \"axisPointer\": {\n      \"type\": \"shadow\"\n    }\n  },\n  \"xAxis\": {\n    \"type\": \"category\",\n    \"data\": [\"6.22\", \"6.23\", \"6.24\", \"6.25\", \"6.26\", \"6.27\", \"6.28\"],\n    \"axisLabel\": {\n      \"rotate\": 45\n    }\n  },\n  \"yAxis\": {\n    \"type\": \"value\"\n  },\n  \"series\": [\n    {\n      \"name\": \"人数\",\n      \"type\": \"bar\",\n      \"data\": [12, 1, 23, 44, 50, 40, 60],\n      \"itemStyle\": {\n        \"color\": \"#5470c6\"\n      }\n    }\n  ]\n}','根据提供的数据，我们可以得出以下结论：\n\n1. 从6.22到6.28期间，人数整体呈上升趋势。\n2. 6.23的人数相比前一天6.22有显著下降，下降幅度为91.67%。\n3. 6.24的人数相比6.23有大幅上升，上升幅度为2300%。\n4. 6.25到6.26的人数持续增加，其中6.26的人数达到峰值，为50人。\n5. 6.27的人数相比6.26有所下降，下降幅度为20%。\n6. 6.28的人数再次上升至60人，达到第二高峰，相比第一天6.22的人数增加了500%。\n\n这些数据可能反映了某种周期性变化或者特定事件对人数的影响，需要结合具体场景进一步分析。','wait',NULL,1,'2024-06-24 11:18:58','2024-06-24 11:18:58',0),(3851224387929830687,'分析经营数据的趋势','经营趋势图','日期,用户数\n1号,10\n2号,20\n3号,90\n4号,20\n5号,50\n',NULL,'{\n  \"title\": {\n    \"text\": \"用户数趋势\"\n  },\n  \"xAxis\": {\n    \"type\": \"category\",\n    \"data\": [\"1号\", \"2号\", \"3号\", \"4号\", \"5号\"]\n  },\n  \"yAxis\": {\n    \"type\": \"value\"\n  },\n  \"series\": [{\n    \"data\": [10, 20, 90, 20, 50],\n    \"type\": \"line\"\n  }]\n}','根据分析结果，用户数在3号达到最高点，为90人，然后在4号下降到20人，最后在5号回升到50人。','succeed',NULL,1,'2024-01-08 16:15:51','2024-01-08 16:16:00',0),(4360099578344531610,'分析数据增长趋势','数据趋势','日期,用户数\n1号,10\n2号,20\n3号,90\n4号,20\n5号,50\n','堆叠图','{\n  \"title\": {\n    \"text\": \"用户数增长趋势\",\n    \"left\": \"center\"\n  },\n  \"tooltip\": {\n    \"trigger\": \"axis\"\n  },\n  \"legend\": {\n    \"data\": [\n      \"用户数\"\n    ]\n  },\n  \"grid\": {\n    \"left\": \"3%\",\n    \"right\": \"4%\",\n    \"bottom\": \"3%\",\n    \"containLabel\": true\n  },\n  \"xAxis\": [\n    {\n      \"type\": \"category\",\n      \"boundaryGap\": false,\n      \"data\": [\n        \"1号\",\n        \"2号\",\n        \"3号\",\n        \"4号\",\n        \"5号\"\n      ]\n    }\n  ],\n  \"yAxis\": [\n    {\n      \"type\": \"value\"\n    }\n  ],\n  \"series\": [\n    {\n      \"name\": \"用户数\",\n      \"type\": \"line\",\n      \"stack\": \"总量\",\n      \"data\": [\n        10,\n        20,\n        90,\n        20,\n        50\n      ]\n    }\n  ]\n}','数据分析结论：根据用户数数据的增长趋势可见，用户数在3号突然增长到90，在4号又回落到20，然后在5号再次上升到50。','wait',NULL,100,'2024-01-24 19:16:49','2024-01-24 19:16:49',0),(4436276478119836704,'123','123','日期,用户数\n1号,10\n2号,20\n3号,90\n4号,20\n5号,50\n',NULL,NULL,NULL,'wait',NULL,1,'2024-11-05 07:22:05','2024-11-05 10:33:30',1),(4772199046769751466,'帮我分析网站增长趋势','网站增长趋势图表','日期,人数\n6.22,12\n6.23,1\n6.24,23\n6.25,44\n6.26,50\n6.27,40\n6.28,60\n','折线图','{\n  \"backgroundColor\": \"#fff\",\n  \"title\": {\n    \"text\": \"网站增长趋势分析\",\n    \"left\": \"center\",\n    \"top\": \"5%\"\n  },\n  \"tooltip\": {\n    \"trigger\": \"axis\"\n  },\n  \"legend\": {\n    \"data\": [\"人数\"],\n    \"top\": \"10%\"\n  },\n  \"grid\": {\n    \"left\": \"3%\",\n    \"right\": \"4%\",\n    \"bottom\": \"3%\",\n    \"containLabel\": true\n  },\n  \"toolbox\": {\n    \"feature\": {\n      \"saveAsImage\": {}\n    }\n  },\n  \"xAxis\": {\n    \"type\": \"category\",\n    \"boundaryGap\": false,\n    \"data\": [\"6.22\", \"6.23\", \"6.24\", \"6.25\", \"6.26\", \"6.27\", \"6.28\"]\n  },\n  \"yAxis\": {\n    \"type\": \"value\",\n    \"name\": \"人数\"\n  },\n  \"series\": [\n    {\n      \"name\": \"人数\",\n      \"type\": \"line\",\n      \"data\": [12, 1, 23, 44, 50, 40, 60],\n      \"smooth\": true\n    }\n  ]\n}','根据数据分析，网站的增长趋势呈现出波动上升的态势。从6月22日到6月28日，人数从12人增加到了60人，增长了5倍。其中，6月25日和6月26日增长速度较快，分别达到了44人和50人。6月23日人数下降至1人，可能是由于某些异常原因导致的数据波动。整体来看，网站的增长趋势是积极的，尤其是在6月24日之后，增长趋势明显加快。','wait',NULL,2,'2024-06-26 13:40:25','2024-06-26 13:40:25',0),(4807377070824234219,'分析人口增长趋势','人口增长趋势','日期,用户数\n1号,10\n2号,20\n3号,90\n4号,20\n5号,50\n','堆叠图','{\n  \"title\": {\n    \"text\": \"人口增长趋势\"\n  },\n  \"tooltip\": {\n    \"trigger\": \"axis\"\n  },\n  \"legend\": {\n    \"data\": [\"用户数\"]\n  },\n  \"xAxis\": {\n    \"type\": \"category\",\n    \"data\": [\"1号\", \"2号\", \"3号\", \"4号\", \"5号\"]\n  },\n  \"yAxis\": {\n    \"type\": \"value\"\n  },\n  \"series\": [\n    {\n      \"name\": \"用户数\",\n      \"type\": \"bar\",\n      \"stack\": \"总量\",\n      \"data\": [10, 20, 90, 20, 50]\n    }\n  ]\n}','根据数据分析，人口增长在3号有明显的增长，达到了90人。在1号、2号、4号和5号，人口增长相对较低，分别为10人、20人、20人和50人。根据人口增长趋势分析，可以推测未来的人口增长可能会出现波动。','wait',NULL,2,'2024-01-24 16:57:40','2024-01-24 16:57:40',0),(4962200554942563154,'分析网站增长趋势','123','日期,用户数\n1号,10\n2号,20\n3号,90\n4号,20\n5号,50\n','折线图',NULL,NULL,'wait',NULL,1,'2024-11-05 07:15:32','2024-11-05 10:34:09',1),(5174376331902064921,'趋势','趋势表','日期,人数\n6.22,12\n6.23,1\n6.24,23\n6.25,44\n6.26,50\n6.27,40\n6.28,60\n','堆叠图','{\n  \"tooltip\": {\n    \"trigger\": \"axis\",\n    \"axisPointer\": {\n      \"type\": \"cross\",\n      \"label\": {\n        \"backgroundColor\": \"#6a7985\"\n      }\n    }\n  },\n  \"legend\": {\n    \"data\": [\"人数\"]\n  },\n  \"toolbox\": {\n    \"feature\": {\n      \"saveAsImage\": {}\n    }\n  },\n  \"grid\": {\n    \"left\": \"3%\",\n    \"right\": \"4%\",\n    \"bottom\": \"3%\",\n    \"containLabel\": true\n  },\n  \"xAxis\": [\n    {\n      \"type\": \"category\",\n      \"boundaryGap\": false,\n      \"data\": [\"6.22\", \"6.23\", \"6.24\", \"6.25\", \"6.26\", \"6.27\", \"6.28\"]\n    }\n  ],\n  \"yAxis\": [\n    {\n      \"type\": \"value\"\n    }\n  ],\n  \"series\": [\n    {\n      \"name\": \"人数\",\n      \"type\": \"line\",\n      \"stack\": \"总量\",\n      \"areaStyle\": {},\n      \"data\": [12, 1, 23, 44, 50, 40, 60]\n    }\n  ]\n}','根据提供的数据，我们可以得出以下结论：\n\n- 人数在6.22至6.28期间呈现出波动上升的趋势。\n- 6.23的人数显著下降至1，可能是由于某种特殊原因导致的数据异常。\n- 6.24之后，人数开始逐渐增加，尤其是在6.26达到峰值50。\n- 从6.27开始，人数有所下降，但仍然保持在较高的水平，6.28的人数是60，是这段时间内的最高值。\n\n需要注意的是，6.23的数据点可能需要进一步的分析来确认是否为异常值或是有特殊原因导致的人数减少。如果这是一个异常值，可能需要考虑在分析时将其排除。','succeed',NULL,1,'2024-06-24 11:19:18','2024-06-25 14:53:03',0),(5436444061104174315,'分析网站增长趋势','请求','日期,人数\n6.22,12\n6.23,1\n6.24,23\n6.25,44\n6.26,50\n6.27,40\n6.28,60\n','饼图','{\n  \"backgroundColor\": \"#fff\",\n  \"title\": {\n    \"text\": \"网站增长趋势\",\n    \"left\": \"center\",\n    \"top\": \"5%\"\n  },\n  \"tooltip\": {\n    \"trigger\": \"item\"\n  },\n  \"legend\": {\n    \"orient\": \"vertical\",\n    \"left\": \"left\"\n  },\n  \"series\": [\n    {\n      \"name\": \"访问人数\",\n      \"type\": \"pie\",\n      \"radius\": \"50%\",\n      \"data\": [\n        {\"value\": 12, \"name\": \"6.22\"},\n        {\"value\": 1, \"name\": \"6.23\"},\n        {\"value\": 23, \"name\": \"6.24\"},\n        {\"value\": 44, \"name\": \"6.25\"},\n        {\"value\": 50, \"name\": \"6.26\"},\n        {\"value\": 40, \"name\": \"6.27\"},\n        {\"value\": 60, \"name\": \"6.28\"}\n      ],\n      \"emphasis\": {\n        \"itemStyle\": {\n          \"shadowBlur\": 10,\n          \"shadowOffsetX\": 0,\n          \"shadowColor\": \"rgba(0, 0, 0, 0.5)\"\n        }\n      }\n    }\n  ]\n}','根据数据分析，我们可以得出以下结论：\n\n- 网站访问人数在6.22至6.28期间呈现出波动上升的趋势。\n- 6.26日的访问人数最多，达到了50人。\n- 6.23日的访问人数最少，只有1人。\n- 从6.24日开始，访问人数逐渐增加，显示出网站在这个时间段内有较好的增长趋势。\n- 6.28日的访问人数为60人，是统计期间的最高值，表明网站在近期内可能采取了一些有效的增长策略。','wait',NULL,1,'2024-06-24 14:08:09','2024-06-24 14:08:09',0),(6042771959016199920,'帮我分析网站增长趋势','123','日期,用户数\n1号,10\n2号,20\n3号,90\n4号,20\n5号,50\n','柱状图','{\n  \"title\": {\n    \"text\": \"网站增长趋势\",\n    \"x\": \"center\"\n  },\n  \"tooltip\": {\n    \"trigger\": \"axis\",\n    \"axisPointer\": {\n      \"type\": \"shadow\"\n    }\n  },\n  \"xAxis\": {\n    \"type\": \"category\",\n    \"data\": [\"1号\", \"2号\", \"3号\", \"4号\", \"5号\"]\n  },\n  \"yAxis\": {\n    \"type\": \"value\"\n  },\n  \"series\": [\n    {\n      \"name\": \"用户数\",\n      \"type\": \"bar\",\n      \"data\": [10, 20, 90, 20, 50]\n    }\n  ]\n}','根据提供的原始数据，通过柱状图可以看出网站的用户数增长情况如下：\n- 在1号到2号之间，用户数从10增长到20；\n- 在2号到3号之间，用户数大幅增长，从20增长到90；\n- 在3号到4号之间，用户数下降至20；\n- 在4号到5号之间，用户数再次增长至50。\n\n综上所述，根据数据分析，网站的用户数增长趋势是波动的，但整体呈现上升趋势。','wait',NULL,1,'2024-01-21 14:08:37','2024-01-21 14:08:37',0),(6203491096549218937,'网站增长趋势','123','日期,用户数\n1号,10\n2号,20\n3号,90\n4号,20\n5号,50\n','堆叠图',NULL,NULL,'wait',NULL,1,'2024-11-01 09:11:30','2024-11-05 10:34:11',1),(6584531597844035396,'分析用户增长','柱状图','日期,用户数\n1号,10\n2号,20\n3号,90\n4号,20\n5号,50\n6号,50\n7号,50\n8号,50\n9号,102\n10号,50\n11号,50\n12号,50\n13号,150\n14号,50\n15号,50\n16号,112\n17号,50\n18号,50\n50\n','柱状图','{\n    \"title\": {\n        \"text\": \"用户增长情况\",\n        \"subtext\": \"截至目前的用户增长情况\"\n    },\n    \"tooltip\": {\n        \"trigger\": \"axis\",\n        \"axisPointer\": {\n            \"type\": \"shadow\"\n        }\n    },\n    \"legend\": {\n        \"data\": [\"用户数\"]\n    },\n    \"xAxis\": {\n        \"type\": \"category\",\n        \"data\": [\"1号\", \"2号\", \"3号\", \"4号\", \"5号\", \"6号\", \"7号\", \"8号\", \"9号\", \"10号\", \"11号\", \"12号\", \"13号\", \"14号\", \"15号\", \"16号\", \"17号\", \"18号\"]\n    },\n    \"yAxis\": {\n        \"type\": \"value\"\n    },\n    \"series\": [{\n        \"name\": \"用户数\",\n        \"type\": \"bar\",\n        \"data\": [10, 20, 90, 20, 50, 50, 50, 50, 102, 50, 50, 50, 150, 50, 50, 112, 50, 50]\n    }]\n}','根据提供的数据，可以得出以下结论：\n1. 用户数在3号、9号、13号和16号有明显的增长，分别为90、102、150和112。\n2. 在大部分日期内，用户数保持稳定，约为50。\n3. 从3号到9号，用户数有一个小幅度的增长，但在13号有一个明显的增长。\n4. 除了3号、9号、13号和16号外，其他日期的用户数基本保持不变。','succeed',NULL,1,'2024-01-20 15:09:28','2024-01-20 15:09:57',0),(7171676487878294522,'分析网站增长趋势','123','日期,用户数\n1号,10\n2号,20\n3号,90\n4号,20\n5号,50\n',NULL,NULL,NULL,'wait',NULL,1,'2024-11-05 07:21:24','2024-11-05 10:33:47',1),(8186445573378861980,'分析用户增长','折线图','日期,用户数\n1号,10\n2号,20\n3号,90\n4号,20\n5号,50\n','折线图','{\n  \"title\": {\n    \"text\": \"用户增长趋势\"\n  },\n  \"tooltip\": {\n    \"trigger\": \"axis\"\n  },\n  \"xAxis\": {\n    \"type\": \"category\",\n    \"data\": [\"1号\", \"2号\", \"3号\", \"4号\", \"5号\"]\n  },\n  \"yAxis\": {\n    \"type\": \"value\"\n  },\n  \"series\": [\n    {\n      \"name\": \"用户数\",\n      \"type\": \"line\",\n      \"data\": [10, 20, 90, 20, 50]\n    }\n  ]\n}','根据分析用户增长的折线图，可以得出以下结论：\n1. 用户数量在3号达到高峰，之后有较大幅度下降至4号，之后又有所回升至5号。\n2. 用户增长整体呈现波动性，不是线性增长。\n3. 可以进一步研究3号用户数量增加的原因，以及4号的用户流失原因。','succeed',NULL,1,'2024-01-20 15:06:44','2024-01-20 15:07:02',0),(8247880969606505413,'2','2','日期,用户数\n1号,10\n2号,20\n3号,90\n4号,20\n5号,50\n',NULL,NULL,NULL,'wait',NULL,1,'2024-11-05 09:02:12','2024-11-05 10:30:16',1),(8772333030223885575,'分析网站增长趋势','网站增长','日期,用户数\n1号,10\n2号,20\n3号,90\n4号,20\n5号,50\n','柱状图','{\n  \"title\": {\n    \"text\": \"网站用户增长趋势\"\n  },\n  \"tooltip\": {},\n  \"xAxis\": {\n    \"data\": [\"1号\", \"2号\", \"3号\", \"4号\", \"5号\"]\n  },\n  \"yAxis\": {},\n  \"series\": [{\n    \"name\": \"用户数\",\n    \"type\": \"bar\",\n    \"data\": [10, 20, 90, 20, 50]\n  }]\n}','根据提供的数据进行分析，可以得出以下结论：\n1. 网站用户呈现整体增长趋势，但在3号和5号有明显的用户增长峰值。\n2. 在3号，用户数量突然增加到90，在之前和之后的日期用户数量相对较小。\n3. 在5号，用户数量达到50，相比之前的日期出现了较大的增长。\n4. 1号和4号用户数量相对较小，可能存在某种特殊原因导致用户数量较少。\n5. 用户增长呈现出不稳定的波动态势，可能需要进一步分析原因并进行优化。','succeed',NULL,2,'2024-01-24 16:55:58','2024-01-24 16:56:22',0),(8999687005068618270,'1','1','日期,用户数\n1号,10\n2号,20\n3号,90\n4号,20\n5号,50\n',NULL,NULL,NULL,'wait',NULL,1,'2024-11-05 08:49:14','2024-11-05 10:31:39',1),(9068996485242975572,'分析网站增长趋势','网站增长趋势图01','日期,人数\n6.22,12\n6.23,1\n6.24,23\n6.25,44\n6.26,50\n6.27,40\n6.28,60\n','堆叠图','{\n  \"legend\": {\n    \"data\": [\"人数\"]\n  },\n  \"xAxis\": {\n    \"type\": \"category\",\n    \"data\": [\"6.22\", \"6.23\", \"6.24\", \"6.25\", \"6.26\", \"6.27\", \"6.28\"]\n  },\n  \"yAxis\": {\n    \"type\": \"value\"\n  },\n  \"series\": [\n    {\n      \"name\": \"人数\",\n      \"type\": \"bar\",\n      \"stack\": \"总量\",\n      \"data\": [12, 1, 23, 44, 50, 40, 60]\n    }\n  ]\n}','根据提供的数据分析，我们可以得出以下结论：\n\n1. 从6.22至6.28期间，网站的访问人数整体呈现增长趋势。\n2. 6.22至6.24期间，人数增长较为缓慢，其中6.23的增长几乎停滞，仅增加了1人。\n3. 6.25和6.26的人数增长迅速，尤其是6.26达到峰值，增加了50人。\n4. 6.27人数有所下降，减少了10人，但从6.27至6.28又恢复了增长，增加了20人。\n5. 总体来看，6.22至6.28期间，网站访问人数从12人增加到了60人，增长了接近5倍。\n\n以上结论基于堆叠图的数据可视化分析，可以清晰地展示每天的人数变化以及增长趋势。','wait',NULL,1,'2024-07-05 23:07:23','2024-07-05 23:07:23',0);
/*!40000 ALTER TABLE `chart` ENABLE KEYS */;
UNLOCK TABLES;

--
-- Table structure for table `gen_table`
--

DROP TABLE IF EXISTS `gen_table`;
/*!40101 SET @saved_cs_client     = @@character_set_client */;
/*!50503 SET character_set_client = utf8mb4 */;
CREATE TABLE `gen_table` (
  `table_id` bigint NOT NULL AUTO_INCREMENT COMMENT '编号',
  `table_name` varchar(200) CHARACTER SET utf8mb4 COLLATE utf8mb4_0900_ai_ci DEFAULT '' COMMENT '表名称',
  `table_comment` varchar(500) CHARACTER SET utf8mb4 COLLATE utf8mb4_0900_ai_ci DEFAULT '' COMMENT '表描述',
  `sub_table_name` varchar(64) CHARACTER SET utf8mb4 COLLATE utf8mb4_0900_ai_ci DEFAULT NULL COMMENT '关联子表的表名',
  `sub_table_fk_name` varchar(64) CHARACTER SET utf8mb4 COLLATE utf8mb4_0900_ai_ci DEFAULT NULL COMMENT '子表关联的外键名',
  `class_name` varchar(100) CHARACTER SET utf8mb4 COLLATE utf8mb4_0900_ai_ci DEFAULT '' COMMENT '实体类名称',
  `tpl_category` varchar(200) CHARACTER SET utf8mb4 COLLATE utf8mb4_0900_ai_ci DEFAULT 'crud' COMMENT '使用的模板（crud单表操作 tree树表操作）',
  `package_name` varchar(100) CHARACTER SET utf8mb4 COLLATE utf8mb4_0900_ai_ci DEFAULT NULL COMMENT '生成包路径',
  `module_name` varchar(30) CHARACTER SET utf8mb4 COLLATE utf8mb4_0900_ai_ci DEFAULT NULL COMMENT '生成模块名',
  `business_name` varchar(30) CHARACTER SET utf8mb4 COLLATE utf8mb4_0900_ai_ci DEFAULT NULL COMMENT '生成业务名',
  `function_name` varchar(50) CHARACTER SET utf8mb4 COLLATE utf8mb4_0900_ai_ci DEFAULT NULL COMMENT '生成功能名',
  `function_author` varchar(50) CHARACTER SET utf8mb4 COLLATE utf8mb4_0900_ai_ci DEFAULT NULL COMMENT '生成功能作者',
  `gen_type` char(1) CHARACTER SET utf8mb4 COLLATE utf8mb4_0900_ai_ci DEFAULT '0' COMMENT '生成代码方式（0zip压缩包 1自定义路径）',
  `gen_path` varchar(200) CHARACTER SET utf8mb4 COLLATE utf8mb4_0900_ai_ci DEFAULT '/' COMMENT '生成路径（不填默认项目路径）',
  `options` varchar(1000) CHARACTER SET utf8mb4 COLLATE utf8mb4_0900_ai_ci DEFAULT NULL COMMENT '其它生成选项',
  `create_by` varchar(64) CHARACTER SET utf8mb4 COLLATE utf8mb4_0900_ai_ci DEFAULT '' COMMENT '创建者',
  `create_time` datetime DEFAULT NULL COMMENT '创建时间',
  `update_by` varchar(64) CHARACTER SET utf8mb4 COLLATE utf8mb4_0900_ai_ci DEFAULT '' COMMENT '更新者',
  `update_time` datetime DEFAULT NULL COMMENT '更新时间',
  `remark` varchar(500) CHARACTER SET utf8mb4 COLLATE utf8mb4_0900_ai_ci DEFAULT NULL COMMENT '备注',
  PRIMARY KEY (`table_id`) USING BTREE
) ENGINE=InnoDB AUTO_INCREMENT=4 DEFAULT CHARSET=utf8mb4 COLLATE=utf8mb4_0900_ai_ci ROW_FORMAT=DYNAMIC COMMENT='代码生成业务表';
/*!40101 SET character_set_client = @saved_cs_client */;

--
-- Dumping data for table `gen_table`
--

LOCK TABLES `gen_table` WRITE;
/*!40000 ALTER TABLE `gen_table` DISABLE KEYS */;
INSERT INTO `gen_table` VALUES (1,'sys_user','用户信息表',NULL,NULL,'SysUser','crud','com.ruoyi.system','system','user','用户信息','ruoyi','0','/',NULL,'admin','2024-04-17 15:28:40','',NULL,NULL),(2,'attendance','',NULL,NULL,'Attendance','crud','com.ruoyi.system','system','attendance',NULL,'ruoyi','0','/',NULL,'admin','2024-04-17 15:30:13','',NULL,NULL),(3,'oj_review','',NULL,NULL,'OjReview','crud','com.ruoyi.system','system','review',NULL,'ruoyi','0','/',NULL,'admin','2024-06-20 20:47:32','',NULL,NULL);
/*!40000 ALTER TABLE `gen_table` ENABLE KEYS */;
UNLOCK TABLES;

--
-- Table structure for table `gen_table_column`
--

DROP TABLE IF EXISTS `gen_table_column`;
/*!40101 SET @saved_cs_client     = @@character_set_client */;
/*!50503 SET character_set_client = utf8mb4 */;
CREATE TABLE `gen_table_column` (
  `column_id` bigint NOT NULL AUTO_INCREMENT COMMENT '编号',
  `table_id` bigint DEFAULT NULL COMMENT '归属表编号',
  `column_name` varchar(200) CHARACTER SET utf8mb4 COLLATE utf8mb4_0900_ai_ci DEFAULT NULL COMMENT '列名称',
  `column_comment` varchar(500) CHARACTER SET utf8mb4 COLLATE utf8mb4_0900_ai_ci DEFAULT NULL COMMENT '列描述',
  `column_type` varchar(100) CHARACTER SET utf8mb4 COLLATE utf8mb4_0900_ai_ci DEFAULT NULL COMMENT '列类型',
  `java_type` varchar(500) CHARACTER SET utf8mb4 COLLATE utf8mb4_0900_ai_ci DEFAULT NULL COMMENT 'JAVA类型',
  `java_field` varchar(200) CHARACTER SET utf8mb4 COLLATE utf8mb4_0900_ai_ci DEFAULT NULL COMMENT 'JAVA字段名',
  `is_pk` char(1) CHARACTER SET utf8mb4 COLLATE utf8mb4_0900_ai_ci DEFAULT NULL COMMENT '是否主键（1是）',
  `is_increment` char(1) CHARACTER SET utf8mb4 COLLATE utf8mb4_0900_ai_ci DEFAULT NULL COMMENT '是否自增（1是）',
  `is_required` char(1) CHARACTER SET utf8mb4 COLLATE utf8mb4_0900_ai_ci DEFAULT NULL COMMENT '是否必填（1是）',
  `is_insert` char(1) CHARACTER SET utf8mb4 COLLATE utf8mb4_0900_ai_ci DEFAULT NULL COMMENT '是否为插入字段（1是）',
  `is_edit` char(1) CHARACTER SET utf8mb4 COLLATE utf8mb4_0900_ai_ci DEFAULT NULL COMMENT '是否编辑字段（1是）',
  `is_list` char(1) CHARACTER SET utf8mb4 COLLATE utf8mb4_0900_ai_ci DEFAULT NULL COMMENT '是否列表字段（1是）',
  `is_query` char(1) CHARACTER SET utf8mb4 COLLATE utf8mb4_0900_ai_ci DEFAULT NULL COMMENT '是否查询字段（1是）',
  `query_type` varchar(200) CHARACTER SET utf8mb4 COLLATE utf8mb4_0900_ai_ci DEFAULT 'EQ' COMMENT '查询方式（等于、不等于、大于、小于、范围）',
  `html_type` varchar(200) CHARACTER SET utf8mb4 COLLATE utf8mb4_0900_ai_ci DEFAULT NULL COMMENT '显示类型（文本框、文本域、下拉框、复选框、单选框、日期控件）',
  `dict_type` varchar(200) CHARACTER SET utf8mb4 COLLATE utf8mb4_0900_ai_ci DEFAULT '' COMMENT '字典类型',
  `sort` int DEFAULT NULL COMMENT '排序',
  `create_by` varchar(64) CHARACTER SET utf8mb4 COLLATE utf8mb4_0900_ai_ci DEFAULT '' COMMENT '创建者',
  `create_time` datetime DEFAULT NULL COMMENT '创建时间',
  `update_by` varchar(64) CHARACTER SET utf8mb4 COLLATE utf8mb4_0900_ai_ci DEFAULT '' COMMENT '更新者',
  `update_time` datetime DEFAULT NULL COMMENT '更新时间',
  PRIMARY KEY (`column_id`) USING BTREE
) ENGINE=InnoDB AUTO_INCREMENT=33 DEFAULT CHARSET=utf8mb4 COLLATE=utf8mb4_0900_ai_ci ROW_FORMAT=DYNAMIC COMMENT='代码生成业务表字段';
/*!40101 SET character_set_client = @saved_cs_client */;

--
-- Dumping data for table `gen_table_column`
--

LOCK TABLES `gen_table_column` WRITE;
/*!40000 ALTER TABLE `gen_table_column` DISABLE KEYS */;
INSERT INTO `gen_table_column` VALUES (1,1,'user_id','用户ID','bigint','Long','userId','1','1',NULL,'1',NULL,NULL,NULL,'EQ','input','',1,'admin','2024-04-17 15:28:40','',NULL),(2,1,'dept_id','部门ID','bigint','Long','deptId','0','0',NULL,'1','1','1','1','EQ','input','',2,'admin','2024-04-17 15:28:40','',NULL),(3,1,'user_name','用户账号','varchar(30)','String','userName','0','0','1','1','1','1','1','LIKE','input','',3,'admin','2024-04-17 15:28:40','',NULL),(4,1,'nick_name','用户昵称','varchar(30)','String','nickName','0','0','1','1','1','1','1','LIKE','input','',4,'admin','2024-04-17 15:28:40','',NULL),(5,1,'user_type','用户类型（00系统用户）','varchar(2)','String','userType','0','0',NULL,'1','1','1','1','EQ','select','',5,'admin','2024-04-17 15:28:40','',NULL),(6,1,'email','用户邮箱','varchar(50)','String','email','0','0',NULL,'1','1','1','1','EQ','input','',6,'admin','2024-04-17 15:28:40','',NULL),(7,1,'phonenumber','手机号码','varchar(11)','String','phonenumber','0','0',NULL,'1','1','1','1','EQ','input','',7,'admin','2024-04-17 15:28:40','',NULL),(8,1,'sex','用户性别（0男 1女 2未知）','char(1)','String','sex','0','0',NULL,'1','1','1','1','EQ','select','',8,'admin','2024-04-17 15:28:40','',NULL),(9,1,'avatar','头像地址','varchar(500)','String','avatar','0','0',NULL,'1','1','1','1','EQ','textarea','',9,'admin','2024-04-17 15:28:40','',NULL),(10,1,'password','密码','varchar(100)','String','password','0','0',NULL,'1','1','1','1','EQ','input','',10,'admin','2024-04-17 15:28:40','',NULL),(11,1,'status','帐号状态（0正常 1停用）','char(1)','String','status','0','0',NULL,'1','1','1','1','EQ','radio','',11,'admin','2024-04-17 15:28:40','',NULL),(12,1,'del_flag','删除标志（0代表存在 2代表删除）','char(1)','String','delFlag','0','0',NULL,'1',NULL,NULL,NULL,'EQ','input','',12,'admin','2024-04-17 15:28:40','',NULL),(13,1,'login_ip','最后登录IP','varchar(128)','String','loginIp','0','0',NULL,'1','1','1','1','EQ','input','',13,'admin','2024-04-17 15:28:40','',NULL),(14,1,'login_date','最后登录时间','datetime','Date','loginDate','0','0',NULL,'1','1','1','1','EQ','datetime','',14,'admin','2024-04-17 15:28:40','',NULL),(15,1,'create_by','创建者','varchar(64)','String','createBy','0','0',NULL,'1',NULL,NULL,NULL,'EQ','input','',15,'admin','2024-04-17 15:28:40','',NULL),(16,1,'create_time','创建时间','datetime','Date','createTime','0','0',NULL,'1',NULL,NULL,NULL,'EQ','datetime','',16,'admin','2024-04-17 15:28:40','',NULL),(17,1,'update_by','更新者','varchar(64)','String','updateBy','0','0',NULL,'1','1',NULL,NULL,'EQ','input','',17,'admin','2024-04-17 15:28:40','',NULL),(18,1,'update_time','更新时间','datetime','Date','updateTime','0','0',NULL,'1','1',NULL,NULL,'EQ','datetime','',18,'admin','2024-04-17 15:28:40','',NULL),(19,1,'remark','备注','varchar(500)','String','remark','0','0',NULL,'1','1','1',NULL,'EQ','textarea','',19,'admin','2024-04-17 15:28:40','',NULL),(20,1,'currency','通行货币','int','Long','currency','0','0',NULL,'1','1','1','1','EQ','input','',20,'admin','2024-04-17 15:28:40','',NULL),(21,2,'att_id','考勤表主键ID','bigint','Long','attId','1','1',NULL,'1',NULL,NULL,NULL,'EQ','input','',1,'admin','2024-04-17 15:30:13','',NULL),(22,2,'user_id','用户ID','bigint','Long','userId','0','0',NULL,'1','1','1','1','EQ','input','',2,'admin','2024-04-17 15:30:13','',NULL),(23,2,'sign_in_time','签到时间','datetime','Date','signInTime','0','0',NULL,'1','1','1','1','EQ','datetime','',3,'admin','2024-04-17 15:30:13','',NULL),(24,2,'sign_out_time','签退时间','datetime','Date','signOutTime','0','0',NULL,'1','1','1','1','EQ','datetime','',4,'admin','2024-04-17 15:30:13','',NULL),(25,2,'address','签到位置','varchar(255)','String','address','0','0',NULL,'1','1','1','1','EQ','input','',5,'admin','2024-04-17 15:30:13','',NULL),(26,2,'remark','备注','varchar(255)','String','remark','0','0',NULL,'1','1','1',NULL,'EQ','input','',6,'admin','2024-04-17 15:30:13','',NULL),(27,3,'id','主键','bigint','Long','id','1','0',NULL,'1',NULL,NULL,NULL,'EQ','input','',1,'admin','2024-06-20 20:47:32','',NULL),(28,3,'user_id','用户ID','bigint','Long','userId','0','0',NULL,'1','1','1','1','EQ','input','',2,'admin','2024-06-20 20:47:32','',NULL),(29,3,'question_id','题目ID','bigint','Long','questionId','0','0',NULL,'1','1','1','1','EQ','input','',3,'admin','2024-06-20 20:47:32','',NULL),(30,3,'review\n_content','评论内容','text','String','review\nContent','0','0',NULL,'1','1','1','1','EQ','editor','',4,'admin','2024-06-20 20:47:32','',NULL),(31,3,'posted_time','发表时间','time','Date','postedTime','0','0',NULL,'1','1','1','1','EQ','datetime','',5,'admin','2024-06-20 20:47:32','',NULL),(32,3,'thumbNum','点赞数','int','Long','thumbNum','0','0',NULL,'1','1','1','1','EQ','input','',6,'admin','2024-06-20 20:47:32','',NULL);
/*!40000 ALTER TABLE `gen_table_column` ENABLE KEYS */;
UNLOCK TABLES;

--
-- Table structure for table `msg_list`
--

DROP TABLE IF EXISTS `msg_list`;
/*!40101 SET @saved_cs_client     = @@character_set_client */;
/*!50503 SET character_set_client = utf8mb4 */;
CREATE TABLE `msg_list` (
  `id` bigint unsigned NOT NULL AUTO_INCREMENT COMMENT 'id',
  `roomId` bigint DEFAULT NULL COMMENT '会话表id',
  `fromUid` bigint NOT NULL COMMENT '消息发送者uid',
  `nickName` varchar(30) CHARACTER SET utf8mb4 COLLATE utf8mb4_0900_ai_ci NOT NULL COMMENT '用户昵称',
  `replyMsgId` bigint DEFAULT NULL COMMENT '回复的消息内容',
  `type` int DEFAULT '1',
  `createTime` datetime DEFAULT NULL COMMENT '创建时间',
  `updateTime` datetime DEFAULT NULL COMMENT '修改时间',
  `content` varchar(255) DEFAULT NULL,
  PRIMARY KEY (`id`)
) ENGINE=InnoDB AUTO_INCREMENT=46 DEFAULT CHARSET=utf8mb4 COLLATE=utf8mb4_0900_ai_ci;
/*!40101 SET character_set_client = @saved_cs_client */;

--
-- Dumping data for table `msg_list`
--

LOCK TABLES `msg_list` WRITE;
/*!40000 ALTER TABLE `msg_list` DISABLE KEYS */;
INSERT INTO `msg_list` VALUES (27,0,1,'管理员',NULL,20002,'2024-11-13 09:16:41',NULL,'123a'),(28,0,1,'管理员',NULL,20002,'2024-11-13 09:58:11',NULL,'#礼物;'),(29,0,2,'若依',NULL,20002,'2024-11-13 10:19:21',NULL,'123'),(30,0,2,'若依',NULL,20002,'2024-11-13 10:19:38',NULL,'@小助手, 123'),(31,0,1,'管理员',NULL,20002,'2024-11-13 10:20:21',NULL,'@小助手, 123'),(32,0,1,'管理员',NULL,20002,'2024-11-15 08:34:34',NULL,'@小助手, 123'),(33,0,1,'管理员',NULL,20002,'2024-11-15 10:12:24',NULL,'@小助手, 123'),(34,0,1,'管理员',NULL,20002,'2024-11-15 10:16:08',NULL,'@小助手, 123'),(35,0,1,'管理员',NULL,20002,'2024-11-15 10:20:26',NULL,'@小助手, 123'),(36,0,1,'管理员',NULL,20002,'2024-11-15 10:22:14',NULL,'@小助手, 123'),(37,0,1,'管理员',NULL,20002,'2024-11-15 10:25:56',NULL,'@小助手, 123'),(38,0,1,'管理员',NULL,20002,'2024-11-15 10:27:37',NULL,'@小助手, 456'),(39,0,1,'管理员',NULL,20002,'2024-12-06 02:58:21',NULL,'@小助手, 请问'),(40,0,1,'管理员',NULL,20002,'2024-12-06 07:23:47',NULL,'@小助手, 123'),(41,0,1,'管理员',NULL,20002,'2024-12-06 07:24:09',NULL,'@小助手, 123'),(42,0,1,'管理员',NULL,20002,'2024-12-06 07:25:33',NULL,'@小助手, 123'),(43,0,1,'管理员',NULL,20002,'2024-12-06 07:26:04',NULL,'@小助手, 123'),(44,0,1,'管理员',NULL,20002,'2024-12-06 08:39:01',NULL,'@小助手, 你好'),(45,0,1,'管理员',NULL,20002,'2025-09-04 09:33:14',NULL,'#举手;');
/*!40000 ALTER TABLE `msg_list` ENABLE KEYS */;
UNLOCK TABLES;

--
-- Table structure for table `oj_review`
--

DROP TABLE IF EXISTS `oj_review`;
/*!40101 SET @saved_cs_client     = @@character_set_client */;
/*!50503 SET character_set_client = utf8mb4 */;
CREATE TABLE `oj_review` (
  `id` bigint NOT NULL COMMENT '主键',
  `user_id` bigint DEFAULT NULL COMMENT '用户ID',
  `question_id` bigint DEFAULT NULL COMMENT '题目ID',
  `review
_content` text CHARACTER SET utf8mb4 COLLATE utf8mb4_0900_ai_ci COMMENT '评论内容',
  `posted_time` time DEFAULT NULL COMMENT '发表时间',
  `thumbNum` int DEFAULT NULL COMMENT '点赞数',
  PRIMARY KEY (`id`) USING BTREE
) ENGINE=InnoDB DEFAULT CHARSET=utf8mb4 COLLATE=utf8mb4_0900_ai_ci ROW_FORMAT=DYNAMIC;
/*!40101 SET character_set_client = @saved_cs_client */;

--
-- Dumping data for table `oj_review`
--

LOCK TABLES `oj_review` WRITE;
/*!40000 ALTER TABLE `oj_review` DISABLE KEYS */;
/*!40000 ALTER TABLE `oj_review` ENABLE KEYS */;
UNLOCK TABLES;

--
-- Table structure for table `post`
--

DROP TABLE IF EXISTS `post`;
/*!40101 SET @saved_cs_client     = @@character_set_client */;
/*!50503 SET character_set_client = utf8mb4 */;
CREATE TABLE `post` (
  `id` bigint NOT NULL AUTO_INCREMENT COMMENT 'id',
  `title` varchar(512) CHARACTER SET utf8mb4 COLLATE utf8mb4_unicode_ci DEFAULT NULL COMMENT '标题',
  `content` text CHARACTER SET utf8mb4 COLLATE utf8mb4_unicode_ci COMMENT '内容',
  `tags` varchar(1024) CHARACTER SET utf8mb4 COLLATE utf8mb4_unicode_ci DEFAULT NULL COMMENT '标签列表（json 数组）',
  `thumbNum` int DEFAULT '0' COMMENT '点赞数',
  `favourNum` int DEFAULT '0' COMMENT '收藏数',
  `userId` bigint NOT NULL COMMENT '创建用户 id',
  `createTime` datetime NOT NULL DEFAULT CURRENT_TIMESTAMP COMMENT '创建时间',
  `updateTime` datetime NOT NULL DEFAULT CURRENT_TIMESTAMP ON UPDATE CURRENT_TIMESTAMP COMMENT '更新时间',
  `isDelete` tinyint NOT NULL DEFAULT '0' COMMENT '是否删除',
  PRIMARY KEY (`id`) USING BTREE,
  KEY `idx_userId` (`userId`) USING BTREE
) ENGINE=InnoDB AUTO_INCREMENT=28 DEFAULT CHARSET=utf8mb4 COLLATE=utf8mb4_unicode_ci ROW_FORMAT=DYNAMIC COMMENT='帖子';
/*!40101 SET character_set_client = @saved_cs_client */;

--
-- Dumping data for table `post`
--

LOCK TABLES `post` WRITE;
/*!40000 ALTER TABLE `post` DISABLE KEYS */;
INSERT INTO `post` VALUES (1,'快速上手微服务框架 Kratos','[TOC]\n\n# 快速上手微服务框架 Kratos\n\n## 把官方的 demo 跑起来\n\n读官方文档的快速开始，然后安装依赖，把官方的 helloworld 的 demo 跑起来\n\n官方文档地址：[Kratos (go-kratos.dev)](https://go-kratos.dev/)\n\n## demo 的架构简单分析\n\n![image-20231226103332725](https://formyblog-1316637577.cos.ap-guangzhou.myqcloud.com/img/image-20231226103332725.png)\n\n先打开 api 文件，看这里的 greater.proto\n\n![image-20231226103444628](https://formyblog-1316637577.cos.ap-guangzhou.myqcloud.com/img/image-20231226103444628.png)\n\nproto 文件也被称为 go 程序员的接口文档（听一个学 go 的哥们说的），从这里我们就能看到这里启动了一个 http 的服务，跟着官方文档的指引，我们把项目跑起来，可以去浏览器访问一下，不过我习惯用 ApiPost 来调试代码：\n\n![image-20231226104150919](https://formyblog-1316637577.cos.ap-guangzhou.myqcloud.com/img/image-20231226104150919.png)\n\n好吧，来都来了，浏览器也跑一下玩玩：\n\n![image-20231226104221603](https://formyblog-1316637577.cos.ap-guangzhou.myqcloud.com/img/image-20231226104221603.png)\n\n回到正题，继续看代码：\n\n![image-20231226104315656](https://formyblog-1316637577.cos.ap-guangzhou.myqcloud.com/img/image-20231226104315656.png)\n\ncmd 就是程序启动的地方，wire 我还没仔细看，暂时不重要，主要还是看 main.go 文件\n\n![image-20231226104451983](https://formyblog-1316637577.cos.ap-guangzhou.myqcloud.com/img/image-20231226104451983.png)\n\n简单来说就是加载配置，然后最后 app.Run() 跑起来，代码还是很清晰的。\n\n然后 configs 文件就不用说了，放的就是 yaml 文件，配置信息\n\n![image-20231226104906255](https://formyblog-1316637577.cos.ap-guangzhou.myqcloud.com/img/image-20231226104906255.png)\n\ninternel 就是放的不暴露到外面的代码，说人话就是具体的代码逻辑就是写在这里\n\n**biz**\n\n业务逻辑的组装层，类似 DDD 的 domain 层，data 类似 DDD 的 repo，repo 接口在这里定义\n\n**data**\n\n业务数据访问，包含 cache、db 等封装，实现了 biz 的 repo 接口\n\n**service**\n\n实现了 api 定义的服务层，类似 DDD 的 application 层，处理 DTO 到 biz 领域实体的转换（DTO -> DO），同时协同各类 biz 交互，但是不应处理复杂逻辑\n\n**server**\n\n为 http 和 grpc 实例的创建和配置，以及注册对应的 service \n\n**conf**\n\n这里面比较特殊，我也是第一次见这种操作，用 proto 来写配置信息，然后直接生成 go 代码\n\n**总结**\n\n这里讲了一大堆其实没什么用，大概知道一下就行了，最后怎么分包，怎么实现还是看自己想怎么做，喜欢怎么做，这里只是作为一个参考，go 并不像 Java 那么注重一模一样的规范\n\n![image-20231226105831270](https://formyblog-1316637577.cos.ap-guangzhou.myqcloud.com/img/image-20231226105831270.png)\n\n最后就是 third_party，这个就是第三方库，说到这里，补充一句，如果你用的是 GoLand，然后发现你的 proto 文件的这个：import \"google/api/annotations.proto\"; 爆红了，但是不影响编译，用这个教程可以消去爆红：[kratos goland google/api/annotations.proto 标红_goland中proto报红-CSDN博客](https://blog.csdn.net/brazor/article/details/124455504)\n\n\n\n然后官方的这个 demo 也给我们提供了 Dockerfile，准备了 Makefile 等等这些就不细说了，等用上了再说，如果没用上刚好就不用说了，少说废话，多实战才是真的。\n\n','[\"文章\"]',4,NULL,1,'2023-12-26 20:29:44','2024-01-09 10:46:08',0),(2,'在mybatisPlus框架下，自己写SQL','### mybatis框架下自己写SQL如何写\n\n#### 在src/main/resource目录下编写XML\n\n##### 目录结构\n\n我们将UserMapper.xml放在resource下的mapper目录中，我的整个项目目录如下\n\n\n![image.png](https://pic.code-nav.cn/post_picture/1645799822881509377/322w6PUS-image.png)\n\n\n##### 编写实体类对应的Mapper接口\n\n我们这里自定义了getAll()方法，获取全部用户的信息。\n\n```java\npackage com.xwhking.mapper;\n \nimport com.xwhking.pojo.User;\nimport com.baomidou.mybatisplus.core.mapper.BaseMapper;\nimport org.springframework.stereotype.Repository;\n \nimport java.util.List;\n \n@Mapper\npublic interface UserMapper extends BaseMapper<User> {\n \n    public List<User> getAll();\n \n}\n```\n\n\n\n##### 编写UserMapper.xml\n\n```xml\n<?xml version=\"1.0\" encoding=\"UTF-8\"?>\n<!DOCTYPE mapper PUBLIC \"-//mybatis.org//DTD Mapper 3.0//EN\" \"http://mybatis.org/dtd/mybatis-3-mapper.dtd\">\n<mapper namespace=\"com.xwhking.mapper.UserMapper\">\n \n    <select id=\"getAll\" resultType=\"com.xwhking.pojo.User\">\n        select * from user\n    </select>\n \n</mapper>\n```\n\n\n\n##### 在配置文件中扫描我们的xml配置的位置\n\nappilication.yml\n\n```yml\nmybatis-plus.mapper-locations=classpath:/mapper/**.xml\n```\n\n##### 测试\n\n```java\nimport org.springframework.boot.test.context.SpringBootTest;\n \nimport java.io.InputStream;\nimport java.util.ArrayList;\nimport java.util.List;\n \n@SpringBootTest\nclass AutoApplicationTests {\n \n \n    @Autowired\n    private UserMapper userMapper;\n \n    @Test\n    void test() {\n \n        List<User> userList=userMapper.getAll();\n        System.out.println(userList);\n    }\n}\n```\n\n\n\n#### 在src/main/java 目录下编写XML\n\n##### 目录结构\n\n\n![image.png](https://pic.code-nav.cn/post_picture/1645799822881509377/VHURUDmL-image.png)\n\n##### 编写实体类对应的Mapper接口\n\n```java\npackage com.xwhking.mapper;\n \nimport com.xwhking.pojo.User;\nimport com.baomidou.mybatisplus.core.mapper.BaseMapper;\nimport org.springframework.stereotype.Repository;\n \nimport java.util.List;\n \n@Repository\npublic interface UserMapper extends BaseMapper<User> {\n \n    public List<User> getAll();\n \n}\n```\n\n\n\n##### 编写UserMapper.xml\n\n```xml\n<?xml version=\"1.0\" encoding=\"UTF-8\"?>\n<!DOCTYPE mapper PUBLIC \"-//mybatis.org//DTD Mapper 3.0//EN\" \"http://mybatis.org/dtd/mybatis-3-mapper.dtd\">\n<mapper namespace=\"com.xwhking.mapper.UserMapper\">\n \n    <select id=\"getAll\" resultType=\"com.xwhking.pojo.User\">\n        select * from user\n    </select>\n \n</mapper>\n```\n\n\n\n##### 编写配置文件\n\napplication.yml\n\n```yml\nmybatis-plus.mapper-locations=classpath:com/xwhking/mapper/xml/**.xml\n```\n\n\n\n##### 配置pom文件\n\n*为什么*：这是因为在maven默认情况下是不会将src/main/java目录的xml等资源打包进入class文件夹的，而是直接忽略掉。\n\n我们只需在pom中加入如下配置，告诉idea，在编译的时候将**src/main/java下的xml一起打包进class文件夹中**，这样也就不会报异常了。\n\n```xml\n<build>\n        <resources>\n            <resource>\n                <directory>src/main/java</directory>\n                <includes>\n                    <include>**/*.xml</include>\n                </includes>\n            </resource>\n        </resources>\n    </build>\n```\n\n##### 测试\n\n```java\nimport org.springframework.boot.test.context.SpringBootTest;\n \nimport java.io.InputStream;\nimport java.util.ArrayList;\nimport java.util.List;\n \n@SpringBootTest\nclass AutoApplicationTests {\n \n \n    @Autowired\n    private UserMapper userMapper;\n \n    @Test\n    void test() {\n \n        List<User> userList=userMapper.getAll();\n        System.out.println(userList);\n    }\n}\n```\n\n#### classpath和classpath*的区别\n\nclasspath:只会在你的class路径下寻找\nclasspath*:不仅包含class路径，还包括jar文件中(class路径)进行查找\n\n一般来说，在大型公司的项目开发中都会需要用到classpath*进行文件配置，因为通常会用到第三方的jar，所以大多情况下会需要查找这些jar的配置文件。\n\n\n\n\n\n#### 参数传递问题\n\n##### 单个参数传递\n\n```java\n//在接口中定义放法，参数形式如下\n//使用单个参数\nStudent selectById(int id);\n```\n\n```xml\n<!--\n    使用单个参数查询：\n    parameterType：表示参数数据类型（可不写）\n    使用  #{参数名} 获取参数的值\n    对参数名称无要求\n-->\n<select id=\"selectById\" parameterType=\"int\" resultType=\"cn.krain.domain.Student\">\n    select * from student where id = #{id}\n</select>\n```\n\n```java\n//调用方法时只需要传入相应类型的单个值即可\nStudent student = dao.selectById(2);\n```\n\n##### 使用@param为参数命名传递多个参数\n\n```java\n/*  在接口文件的对应方法形参中，使用以下格式进行命名\n*   多个参数：为参数命名，在形参前加上  @Param(\"自定义参数名\")\n* */\nList<Student> selectMultiParam(@Param(\"myname\") String name,\n                                @Param(\"myage\") Integer age);\n\n```\n\n```java\n//调用时传入对应的参数值\nList<Student> students = dao.selectMultiParam(\"康康\",23);\n\n```\n\n```xml\n<!--\n    多个参数：使用param命名 使用为参数起得名称 eg：#{命名}\n-->\n<select id=\"selectMultiParam\" resultType=\"cn.krain.domain.Student\">\n    select * from student where name=#{myname} or age=#{myage}\n</select>\n\n```\n\n##### 使用Java对象作为方法的参数\n\n```java\n//在接口中定义放法，参数形式如下\n//多个参数：使用java对象作为方法的参数\nList<Student> selectMultiObject(QueryParam queryParam);\n\n```\n\n```xml\n<!--\n    多个参数：使用java对象的属性值作为参数实际值\n    原始语法：#{属性名, javaType=java中类型名称, jdbcType=数据库中的类型名}\n    eg:  #{queryName, javaType=String, jdbcType=Varchar}\n        #{queryAge, javaType=Integer, jdbcType=Integer}\n    简写：#{属性名}\n-->\n<select id=\"selectMultiObject\" resultType=\"cn.krain.domain.Student\">\n    select * from student where name=#{queryName} or age=#{queryAge}\n</select>\n\n```\n\n```java\n//调用时传入相应对象\nList<Student> students = dao.selectMultiObject(queryParam);\n\n```\n\n##### 使用位置传参\n\n在方法的参数中，形参的顺序对应映射文件中参数的顺序，arg0指形参中第一个值，arg1代表第二个，以此类推。\n\n```java\n//在接口中定义放法，参数形式如下\n//多个参数：使用位置传参\nList<Student> selectMultiPosition(String name, Integer age);\n```\n\n```xml\n<!--根据参数位置传参    arg后面的数字代表参数所在的位置-->\n<select id=\"selectMultiPosition\" resultType=\"cn.krain.domain.Student\">\n    select * from student where name=#{arg0} or age=#{arg1}\n</select>\n\n```\n\n```java\n//调用代码\nList<Student> students = dao.selectMultiPosition(\"康康\", 23);\n\n```\n\n##### 使用map传参\n\n```java\n//在接口中定义放法，参数形式如下\n//使用Map传递多个参数\nList<Student> selectMultiMap(Map<String, Object> map);\n```\n\n```xml\n<!--使用Map键值对传参，形式：#{key名}-->\n<select id=\"selectMultiMap\" resultType=\"cn.krain.domain.Student\">\n    select * from student where name=#{mapName} or age=#{mapAge}\n</select>\n```\n\n```java\n//调用\nMap<String,Object> data = new HashMap<String,Object>();\ndata.put(\"mapName\",\"krain\");\ndata.put(\"mapAge\",23);\nList<Student> students = dao.selectMultiMap(data);\n```\n\n','[\"文章\",\"后端\",\"Java\",\"框架\"]',1,NULL,1,'2023-12-26 20:29:44','2024-01-09 10:46:08',0),(3,'理解原码、反码、补码','# 原码\n\n**原码：十进制数据的二进制表现形式，最左边是符号位，0为正，1为负**\n\n**利用原码对正数进行计算是不会有问题的。**\n\n十进制是逢十进一，不会出现10这个数字。\n\n二进制是逢二进一，不会出现2这个数字。\n\n\n原码的示例\n\n![image.png](https://pic.code-nav.cn/post_picture/1667553683887370242/FduY8eAx-image.png)\n\n比如十进制56转成二进制就是00111000。\n\n00111000中，最左边的0就是代表这个数为正数，其余的0111000代表56，也就是下面这个样子。\n\n\n\n其中，一个0或者一个1就代码1bit（中文翻译叫比特位）。\n\n计算机里是通常是把8个bit分为一组，叫做一个byte（字节），而字节是计算机中最小的存储单元。\n\n**而一个字节最大值表示为01111111，转化成十进制就是+127，是正的127。**\n\n最左边的符号位取0，其余位为数据，因为是求最大，每位上全部取最大为1。\n\n**而一个字节最小值表示为11111111，转化成十进制就是-127，是负的127。**\n\n最左边的符号位取1，其余位为数据，因为是求最小，每位上全部取最小也为1 。\n\n\n## 原码的弊端\n\n\n又举个例子\n\n现在有一个字节代表的数是-0，也就是0，如下图\n\n![image.png](https://pic.code-nav.cn/post_picture/1667553683887370242/papG4wnP-image.png)\n\n如果我现在要对它进行+1操作，也就是下面这样\n\n![image.png](https://pic.code-nav.cn/post_picture/1667553683887370242/4Jb7DAfM-image.png)\n\n按理说0+1=(+1)，但是根据上图，这样做的话就粗问题了，按照二进制的规则，这样操作的二进制转成十进制为-1，也就是下图才是我们想要的结果\n\n![image.png](https://pic.code-nav.cn/post_picture/1667553683887370242/muZBn8lI-image.png)\n\n\n如果在此实际值上再进行+1操作，又出现了下面的情况\n\n![image.png](https://pic.code-nav.cn/post_picture/1667553683887370242/awsSIGYQ-image.png)\n\n\n为什么会出现这样的情况呢？\n\n![image.png](https://pic.code-nav.cn/post_picture/1667553683887370242/f2MI8yl0-image.png)\n\n想要理解清楚，需要结合数轴去理解\n\n如果我要用二进制表示0的基础上+1，但是因为符号位是1代表负数，实际是在0的位置上往负的方向前进的1单位，如下图所示\n\n![image.png](https://pic.code-nav.cn/post_picture/1667553683887370242/3GYPKTII-image.png)\n\n\n**所以这就是原码的弊端：在原码的基础上，如果是负数计算，结果就出错，实际运算的结果，跟我们预期的结果是相反的**。\n\n![image.png](https://pic.code-nav.cn/post_picture/1667553683887370242/QoAYlwGS-image.png)\n\n\n**如果我们结合上面的数轴，在进行负数计算的时候，如果把数轴的方向倒转一下，那不就得到了我们想要的结果了吗？因此，这就引出了反码的由来**\n\n\n\n# 反码\n\n\n**反码：为了解决原码不能计算负数的问题而出现的**\n\n**计算规则：**\n\n**正数的反码不变。\n负数的反码在原码的基础上，符号位不变。数值取反，0变1，1变0。\n为什么正数的反码不变？**\n\n因为正数之间的计算是没有任何问题，只有我们上面举到的例子中有负数的计算才会有反码的出现\n\n## 反码的示例\n\n\n又又举个栗子\n\n十进制-56的二进制原码是10111000。根据规则，符号位不变。数值取反，0变1，1变0。它的反码为11000111\n\n验证反码能不能解决原码负数计算的问题，我们可以验证一下\n\n\n\n**就看看-56+1的值是不是为-55的这个情况？**\n\n-56的原码是10111000，而-56的反码就是11000111。\n进行-56+1的操作就是在-56的反码11000111从最右边的数字进1位根据二进制逢二进一变为11001000\n而55的原码是0011011，所以-55的原码就是10110111，所以-55的反码就是11001000，结果成立！\n\n![image.png](https://pic.code-nav.cn/post_picture/1667553683887370242/5Z1PCQfZ-image.png)\n\n这么一来，你就懂了吧？如果还没明白，把上面的步骤多看几遍，你就懂了\n\n\n## 反码的弊端\n\n\n又又又举个例子，我现在\n\n现在又一个十进制数字-2，其原码是1000 0010，其反码为1111 1101\n\n如果对-2进行+1操作之后，其原码变为1000 0001，反码变为1111 1110，结果为-2+1=-1,没问题\n如果对-2进行+2操作，也就是两次+1操作，原码会变成1000 0000 ，反码变为1111 1111，结果为-2+2=0 也没问题\n如果对-2进行+3进行操作，也就是三次+1错做，原码会变成0000 0000，反码编程0000 0000，结果为-2+3=0，到这里就不对起来了？\n\n![image.png](https://pic.code-nav.cn/post_picture/1667553683887370242/6aM2GZZT-image.png)\n\n为什么会出现这样的情况呢？\n\n\n![image.png](https://pic.code-nav.cn/post_picture/1667553683887370242/p2hfAIKe-image.png)\n\n就是因为二进制对于0的表达有两种方式，如上图表格所示\n\n怎么解决呢？这就引出了补码的由来\n\n**当初的哪些计算机大佬是那么想的：既然反码计算到0的时候会因为有2个0的表达方式而造成计算误差，那我把反码中的两个0的表达方式屏蔽一个不就好了嘛。所以就有了补码的出现**\n\n![image.png](https://pic.code-nav.cn/post_picture/1667553683887370242/G1gz8QIJ-image.png)\n\n![image.png](https://pic.code-nav.cn/post_picture/1667553683887370242/EW2V2Evu-image.png)\n\n这样就可以把0的两种表现形式给屏蔽掉了，但是这里的补码是为了有负数、有反码的计算。\n\n如果全部是正数的计算就用原码计算即可\n\n\n# 补码\n\n\n**补码：为了解决反码不能计算负数超过0的问题而出现的**\n\n\n\n## 补码的示例\n\n先把上面的表拿下来\n\n![image.png](https://pic.code-nav.cn/post_picture/1667553683887370242/2KM3bNZj-image.png)\n\n举例一个跨0的情况，进行-4+5的操作\n\n-4的补码是1111 1100\n5是一个正数。正数的原码、反码、补码的值都是一样的，所以补码为0000 0101\n把两者补码进行相加操作，得到补码0000 0001，表示十进制的数就是1，成功！\n\n![image.png](https://pic.code-nav.cn/post_picture/1667553683887370242/BKxKfspt-image.png)\n\n这么一来，你就懂了吧？如果还没明白，把上面的步骤多看几遍，你就懂了\n\n\n## 补码的小细节\n\n因为补码是在反码的基础上+1得到的，所以-127的补码就是1000 0001，所以就会空出一位，因为+0和-0的补码是相同的，就会节省出一个补码跑到最下面，如下图所示\n\n![image.png](https://pic.code-nav.cn/post_picture/1667553683887370242/tiHAsBGd-image.png)\n\n\n**因为补码的这个特性，-128是特殊规定的，因此没有原码和反码。但是这也不影响，因为计算机中数字的存储和运算都是以补码为基础进行的**\n\n\n# 总结\n\n\n**原码**是用来表示十进制数据的一种二进制形式，最左边的一位是符号位，0表示正数，1表示负数。但是，原码不能直接用于负数计算，如果用原码进行负数计算，结果会出错，实际运算的方向与正确运算的方向相反。\n\n\n\n**反码**是为了解决原码不能计算负数的问题而出现的。对于正数，反码和原码一样；对于负数，反码是在原码的基础上将符号位不变，数值位全部取反（即0变1，1变0）。然而，反码也存在一个问题，那就是如果负数的计算结果跨过0，那么结果会比实际结果多1。\n\n\n\n**补码**则是为了解决反码不能计算负数超过0的问题而出现的。对于正数，补码和原码、反码一样；对于负数，补码是在反码的基础上加1。这样，负数就可以正确地用补码表示了。此外，补码还可以多记录一个特殊的值-128，这在用一个字节表示数据的情况下是特别重要的。\n\n','[\"文章\",\"笔记\"]',2,NULL,1,'2023-12-26 20:29:44','2024-01-09 10:46:08',0),(4,'理解进程，线程，协程','# 理解进程，线程，协程\n\n## 为什么需要进程，线程，协程？\n\n举个例子，比如：我们 go run main.go，启动一个 go 程序，从磁盘读取可执行文件，将 CPU 要执行的命令加载到内存中，然后 CPU 就一直：1. 读取内存指令，2. 执行指令，循环往复。那我们从磁盘读取的可执行文件，读到内存，他放在什么地方呢？\n\n\n\n我们需要找一个结构体来记录这些东西，比如加载一个程序，第一条命令执行什么？所以我们发明了一个结构体，也就是我们的进程，操作系统分配资源的基本单位。\n\n\n\n在多核 CPU 时代，如果我们想要充分利用核心，可以选择让不同进程跑到不同 CPU 上，但这又存在其他的问题，进程之间会带来额外的开销，比如：进程间通信。增大了编程难度的同时，也增加了系统开销。\n\n\n\n一个进程最开始都是 main 函数开始的，可以把执行 main 函数的过程看作是一个执行流，一个进程下面有多个小任务同时执行，可以看作有多条执行流，给这个执行流起个名字，那就是线程，让这些线程去执行不同的函数（不同的任务）就好了。线程的内存地址是直接从进程里面划分出来的，这也是线程比进程创建快的一个原因，线程直接划分进程内存，而进程还需要操作系统进行分配。\n\n\n\n对于进程和线程，他们的本质就是状态机（状态机其实就是对某种事物状态变化的一个抽象，这种抽象可以帮助我们更容易理清思路，能够明确知道，某种事物在某个时间点会有某种状态，或者经历某种操作，就切换到某种状态），而操作系统同样是一个状态机，不过他是来调度线程/进程的，可以叫做调度状态机的状态机。\n\n\n\nLinux 的 二把手 alan cox 说过一句话：计算机就是状态机，线程是为不懂状态机的程序员准备的 [手动狗头]\n\n\n\n其实线程和进程都是对底层的一种高度抽象，线程同样，线程这个概念甚至在 Linux 里面他都不算存在。进程在 Linux 里面是一个 task_struct，线程同样是，只不过线程是共享了进程的空间，可以看作创建了一个线程，其实就是创建了一个新进程，一个可以共享原来进程内存空间的的进程，我们把它抽象的叫做线程。\n\n\n\n线程有两种组织形式，简单来说：\n\n1）用户级线程\n\n我们将操作系统分为两态，用户态和内核态，用户态就是用户可以看到的空间，而用户级线程就是从用户视角可以看到的线程，而用户级的线程在切换的时候在用户空间就能完成，不需要切换到核心态，线程切换的开销比较小，效率高。\n\n2）内核级线程\n\n线程调度、切换等工作都由操作系统内核负责。\n\n在支持内核级线程的系统中，根据用户级线程和内核级线程的映射关系，可以划分为几种多线程模型：\n\n一对一：一个内核级线程对一个用户级线程\n\n一对多：一个内核级线程对多个用户级线程\n\n多对多：多个内核级线程对多个用户级线程\n\n各有优缺点，具体是什么策略主要看使用的系统调用，这里我就不详细展开了，可以看看这个一对多模式的图：\n\n![image](https://formyblog-1316637577.cos.ap-guangzhou.myqcloud.com/img/image.png)\n\n在用户程序中，比如线程库，组织实现的一个执行流，他也起个别名叫做线程，因为内存在用户空间，所以叫用户线程合适一些，可以看作是一个 C语言程序自己实现了一套线程组织方式，但实际上，最终调度还是要通过内核线程，举个例子：像 pthread 这样的线程库，他可以创建n个用户级线程，但其实底层就是一个线程负责\n\n\n\n用户级线程也是一个抽象的状态机，只不过是在用户空间抽象的，而不是内核空间，那为什么要抽象一个用户级线程呢？因为：如果都用内核级线程的话，线程切换每次都要在用户态和内核态之间来回走，系统开销大\n\n\n\n用户级线程优点是：\n\n1. 管理开销小：创建、销毁不需要系统调用，也不占用内核内存\n2. 切换成本低：用户空间程序可以自己维护，不需要通过操作系统调度\n\n但他也有缺点：\n\n1. 用户程序在管理，当它进行 I/O 的时候，无法利用到内核的优势，需要频繁进行用户态到内核态的切换\n2. 无法利用多核优势：比如操作系统调度的仍然是这个线程所属的进程，所以无论每次一个进程有多少用户态的线程，都只能并发执行一个线程，无法实现并行，因此无法利用多核 CPU 的优势\n3. 操作系统无法优化用户线程的调度，因为对于操作系统，用户线程是完全透明的（感知不到），如果用户线程阻塞了，操作系统也无法快速切换阻塞的用户线程\n\n\n\n但 There is no silver bullet！没有最好的解法，只有最适合的业务场景。\n\n\n\n那为什么需要协程呢？\n\n我们都知道，操作系统基本的都是分时系统，也就是给每一个进程/线程都分配时间片，时间片用完了，就打断该线程的执行，让其他线程享受 CPU，这会带来并发安全的问题（我们可以通过加锁解决），但有些线程其实是可以相互配合的，如果在一个线程还没有执行完就抢占式的把 CPU 资源分配给其他线程，很可能导致意想不到的执行紊乱情况\n\n\n\n操作系统的分时机制的好处是让每个线程都能享受到 CPU 资源，但有些场景也是坏处，比如我同一个进程下的多个线程，其实我可以让他们相互配合，协作的，但由于操作系统的分时抢占式，就容易打破协作的平衡\n\n\n\n“非抢占式多任务”，当出现一个线程事情没做完，但还差一点点的时候，其他线程就先等一会儿，等做完了就自动交出 CPU 控制权，这里体现出的协作，我们给这种形式的执行流起一个名字，那就是所谓的协程，每次执行中，协程之间的具体执行顺序可能千变万化，但协程执行权切换却只会发生在用户明确放弃执行权之后：比如你明确执行了 yield 语句时（让出 CPU 的语句）\n\n\n\n但是，一般很难开发出一套好用的协程库，所以现在用的最多的还是线程。\n\n\n\n## 进程，线程，协程有什么不同？\n\n### 进程与线程有什么不同？\n\n1）从定义上说，进程是操作系统进行资源分配和调度的基本单位，而线程是进程的执行单元，共享进程的资源\n\n2）具体来说，进程就是运行起来的可执行程序，当我们运行一个可执行程序的时候，就会创建一个或多个进程，创建进程的时候需要分配空间，比如：栈区、文件映射区、堆区、静态区、常量区、代码段，这就是为什么进程也被称为是资源分配的基本单位；每个进程中都有唯一的主线程，有且只有一个，主线程和进程是相互依存的关系，主线程结束进程也会结束\n\n3）每个进程有自己的独立地址空间，不与其他进程分享；一个进程里可以有多个线程，彼此共享同一个地址空间。堆内存、文件、套接字等资源都归进程管理，同一个进程里的多个线程可以共享使用。每个进程占用的内存和其他资源，会在进程退出或被杀死时返回给操作系统\n\n4）并发应用开发可以用多进程或多线程的方式，多线程由于可以共享资源，效率较高；反之，多进程默认是不共享地址空间与资源，开发较为麻烦，共享数据时效率较低。但多进程安全性较好，在某一个进程出问题时，其他进程一般不受影响，而在多线程的情况下，一个线程执行了非法操作会可能导致整个进程退出\n\n\n\n### 协程和线程有什么区别？\n\n1）协程的开销比线程更小\n\n2）协程可以很好的应对非抢占式多任务场景，大家一起办好一件事；而协程在操作系统的分时机制下，容易出现导致意想不到的执行紊乱情况\n\n3）线程可以实现并行，但协程不行，他与用户级线程有些类似，所以他也拥有用户级线程的优点：创建、销毁不需要系统调用，也不占用内核内存，开销小；在用户空间程序可以自己维护协程，不需要通过操作系统调度\n\n\n\n这里要注意的是，go 的协程 goroutine 其实不算操作系统的协程，他是 go 自己实现的便于并发编程的东西，这个的东西又有很多可以说道的地方，不过这里就不展开了','[\"文章\"]',9,NULL,1,'2023-12-26 20:29:44','2024-01-09 10:46:08',0),(5,'SpringBoot 项目中获取 Request 的四种方法','# SpringBoot 项目中获取 Request 的四种方法\n\n### 方法1、Controller中加参数来获取request\n\n注意：只能在Controller中加入request参数。\n\n一般，我们在Controller中加参数获取HttpServletRequest，如下所示：\n\n```\n@RestController\n@RequestMapping(\"/gap\")\npublic class PlantTraceController {\n    @PostMapping(\"/plantTrace\")\n    public Result2 savePlantTraceInfo(@RequestBody JSONObject jsonObject, HttpServletRequest request) {\n        String methodName = request.getHeader(\"methodName\");\n        ....\n}\n```\n\n该方法实现的原理是，在Controller方法开始处理请求时，Spring会将request对象赋值到方法参数中。此时request对象是方法参数，相当于局部变量，毫无疑问是线程安全的。\n\nController中获取request对象后，如果要在其他方法中（如service方法、工具类方法等）使用request对象，需要在调用这些方法时将request对象作为参数传入。\n\n#### 优缺点\n\n这种方法的主要缺点是request对象写起来冗余太多，主要体现在两点：\n\n1) 如果多个controller方法中都需要request对象，那么在每个方法中都需要添加一遍request参数\n2) request对象的获取只能从controller开始，如果使用request对象的地方在函数调用层级比较深的地方，那么整个调用链上的所有方法都需要添加request参数\n\n实际上，在整个请求处理的过程中，request对象是贯穿始终的；也就是说，除了定时器等特殊情况，request对象相当于线程内部的一个全局变量。而该方法，相当于将这个全局变量，传来传去。\n\n### 方法2、自动注入来获取request\n\n注意：只能在Bean中注入request\n\n```\n@Controller\npublic class TestController{\n    @Autowired\n    private HttpServletRequest request; //自动注入request\n    @RequestMapping(\"/test\")\n    public void test() throws InterruptedException{\n        //模拟程序执行了一段时间\n        Thread.sleep(1000);\n    }\n}\n```\n\n#### 优缺点\n\n该方法的主要优点：\n\n1) 注入不局限于Controller中：在方法1中，只能在Controller中加入request参数。而对于方法2，不仅可以在Controller中注入，还可以在任何Bean中注入，包括Service、Repository及普通的Bean。\n2) 注入的对象不限于request：除了注入request对象，该方法还可以注入其他scope为request或session的对象，如response对象、session对象等；并保证线程安全。\n3) 减少代码冗余：只需要在需要request对象的Bean中注入request对象，便可以在该Bean的各个方法中使用，与方法1相比大大减少了代码冗余。\n\n但是，该方法也会存在代码冗余。考虑这样的场景：web系统中有很多controller，每个controller中都会使用request对象（这种场景实际上非常频繁），这时就需要写很多次注入request的代码；如果还需要注入response，代码就更繁琐了。下面说明自动注入方法的改进方法，并分析其线程安全性及优缺点。\n\n \n\n### 方法3：基类中自动注入（推荐）\n\n注意：只能在Bean中注入request\n\n与方法2相比，将注入部分代码放入到了基类中。\n\n基类代码：\n\n```\npublic class BaseController {\n    @Autowired\n    protected HttpServletRequest request;     \n}\n```\n\n#### 优缺点\n\n与方法2相比，避免了在不同的Controller中重复注入request；但是考虑到java只允许继承一个基类，所以如果Controller需要继承其他类时，该方法便不再好用。\n\n无论是方法2和方法3，都只能在Bean中注入request；如果其他方法（如工具类中static方法）需要使用request对象，则需要在调用这些方法时将request参数传递进去。下面介绍的方法4，则可以直接在诸如工具类中的static方法中使用request对象（当然在各种Bean中也可以使用）。\n\n### 方法4：从RequestContextHolder中获取request\n\n代码示例\n\n```\n@Controller\npublic class TestController {\n    @RequestMapping(\"/test\")\n    public void test() throws InterruptedException {\n        HttpServletRequest request = ((ServletRequestAttributes) (RequestContextHolder.currentRequestAttributes())).getRequest();\n        // 模拟程序执行了一段时间\n        Thread.sleep(1000);\n    }\n}\n```\n\n#### 优缺点\n\n优点：可以在非Bean中直接获取。缺点：如果使用的地方较多，代码非常繁琐；因此可以与其他方法配合使用。','[\"文章\",\"Spring\"]',33,NULL,1,'2023-12-26 20:29:44','2024-01-09 10:46:08',0),(11,'果然，大厂都在卷这个！','大家好，我是鱼皮。首先祝大家平安夜快乐！给大家看看我们搞的小圣诞树哈哈～\n\n\n\n![](https://yupi-picture-1256524210.cos.ap-shanghai.myqcloud.com/640-20231227161530747.jpeg)\n\n\n\n\n\n言归正传，这周中我去北京待了 2 天，主要是收到百度的邀请去参加百度云的智算大会，听说有些 AI 产品要发布。\n\n\n\n我自己是非常关注国内外 AI 的发展的，再加上我们也是百度文心一言的老用户，就去现场了解了一下。和那边的同学交流了一下午，有些收获和想法，跟大家分享分享。\n\n\n\n感兴趣的同学可以看看我的大会 vlog 视频： https://b23.tv/ObUXC9C\n\n\n\n话说北京是真的冷，看我的左耳朵就知道了：\n\n\n\n\n\n![](https://yupi-picture-1256524210.cos.ap-shanghai.myqcloud.com/640-20231227161530770.jpeg)\n\n\n\n\n\n上午听了几个小时的会，学习和复习了很多 AI 术语，什么 Maas、幻觉、多模态、智能体、RAG、AI 原生等等。\n\n\n\n![](https://yupi-picture-1256524210.cos.ap-shanghai.myqcloud.com/640-20231227161530790.jpeg)\n\n\n\n\n\n其中印象最深刻的词就是 AI 原生应用了，之前就听李彦宏厂长提到过，现在要全力卷 AI 应用，加速 AI 的落地，这也是百度（各大厂）的发力重点，毕竟大模型越来越难卷出花儿来了。\n\n\n\n![](https://yupi-picture-1256524210.cos.ap-shanghai.myqcloud.com/640-20231227161530809.jpeg)\n\n\n\n\n\n这个发力策略完全是在我意料之中的，我今年 4 月离职创业时，做的第一个产品（鱼聪明 AI）就是为了帮更多人低成本地运用 AI，真正利用 AI 辅助工作和生活。\n\n\n\n当时有个很有趣的故事，下馆子的时候店家说写点评送可乐，然后我们用鱼聪明 AI 几秒钟生成了一段好评，店家都震惊了 —— 你们特么是写点评的天才吧！\n\n\n\n![](https://yupi-picture-1256524210.cos.ap-shanghai.myqcloud.com/640-20231227161530846.jpeg)\n\n\n\n\n\n何为 AI 原生应用，我的理解是：完全基于 AI 的能力去设计开发的应用，没有 AI 这个应用就失去了意义，而不只是给应用增加了一个小 AI 功能。\n\n\n\n比如大会上演示的 AI 面试官助手，就是一个 AI 原生应用，可以利用 AI 筛选简历和生成面试题。\n\n\n\n![](https://yupi-picture-1256524210.cos.ap-shanghai.myqcloud.com/640-20231227161530867.jpeg)\n\n\n\n\n\n下午我的时间基本就在展区和产品技术同学交流，有些比较有趣的发现。\n\n\n\n比如一个概念叫 “数据飞轮”，最近这个词挺火的。大致的意思就是利用各种工具快速处理数据 》用数据去训练优化模型 》用模型来开发 AI 应用 》应用再生成更多数据，形成一个闭环，最终数据越来越多、模型越来越优、应用越来越强。\n\n\n\n![](https://yupi-picture-1256524210.cos.ap-shanghai.myqcloud.com/640-20231227161530890.jpeg)\n\n\n\n\n\n在 AI 应用展台，我看到了一款 AI 驱动的游戏，游戏中你可以和几个 AI 智能体进行自由对话。\n\n\n\n![](https://yupi-picture-1256524210.cos.ap-shanghai.myqcloud.com/640-20231227161530909.jpeg)\n\n\n\n\n\n和传统游戏不同，通过和游戏创造团队交流，我了解到：整个游戏的地图、文案策划，全部都是 AI 生成的！\n\n\n\n在之前我一直不相信这点，一直觉得 AI 做不了复杂的项目，只能生成点简单的小玩意儿。但没想到已经有很多团队跑通了 AI 开发的流程，有一套方法来利用 AI 制作复杂应用了。\n\n\n\n![](https://yupi-picture-1256524210.cos.ap-shanghai.myqcloud.com/640-20231227161530933.jpeg)\n\n\n\n\n\n和传统游戏固定的对话文案不同，在这个游戏中，你输入的内容不同，AI npc 给你的回复也不同，他们会和真人一样自学习与成长。\n\n\n\n![](https://yupi-picture-1256524210.cos.ap-shanghai.myqcloud.com/640-20231227161530953.jpeg)\n\n\n\n\n\n何为 AI 智能体呢？就是把 AI 当成人去看，你告诉他一个任务，他能自己利用各种工具去完成任务！\n\n\n\n除了 AI 游戏外，AI 数字人也很吸引我。我只需要录一段个人出镜的视频喂给 AI，之后我只要给 AI 文案，就能生成我的口播视频了。\n\n\n\n![](https://yupi-picture-1256524210.cos.ap-shanghai.myqcloud.com/640-20231227161530974.jpeg)\n\n\n\n\n\n唉，现在就已经有很多 AI 视频在卷自媒体了，要等数字人技术再成熟点，那还了得？\n\n\n\n最后要说的产品和我们程序员关系最大，是百度新出的千帆 App Builder，能够通过可视化的界面快速开发 AI 应用。\n\n\n\n![](https://yupi-picture-1256524210.cos.ap-shanghai.myqcloud.com/640-20231227161530997.jpeg)\n\n\n\n\n\n这个模式并不新鲜，但比较吸引我的是，我们可以离线下载百度提供的各种 AI 能力和插件的源代码进行定制化开发，比如 AI 检索增强能力、相似问生成等，不会完全受限于平台了。\n\n\n\n总体来说，今年真的是 AI 元年。尤其是下半年，我们有幸见证了各种 AI 新技术、新应用的持续爆发。我还是比较看好国内 AI 发展的，也希望各大厂都能努力把 AI 的价格打下来哈哈！','[\"文章\"]',NULL,NULL,1,'2023-12-27 21:15:02','2024-01-08 20:52:34',1),(12,'定义API并生成代码','# 定义API并生成代码\n\n首先： kratos new study\n\n我通过用 kratos 官方给的模板创建一个叫 study 的项目（名字随意）\n\n## 如何跑通整个流程？\n\n看官方文档：通过定义 proto 即可使用 REST API 和 RPC API\n\n第一步，定义好我们的 proto 文件\n\n我们可以用官方给出的代码模板生成一个模板，比如说，我想实现一个 todo 清单的增删改查：\n\n```shell\nkratos proto add api/study/v1/todo.proto\n```\n\n他生成了一个 proto 文件，我们根据需要去修改就行：\n\n```protobuf\nservice Todo {\n	rpc CreateTodo (CreateTodoRequest) returns (CreateTodoReply);\n	rpc UpdateTodo (UpdateTodoRequest) returns (UpdateTodoReply);\n	rpc DeleteTodo (DeleteTodoRequest) returns (DeleteTodoReply);\n	rpc GetTodo (GetTodoRequest) returns (GetTodoReply);\n	rpc ListTodo (ListTodoRequest) returns (ListTodoReply);\n}\n\nmessage CreateTodoRequest {}\nmessage CreateTodoReply {}\n\nmessage UpdateTodoRequest {}\nmessage UpdateTodoReply {}\n\nmessage DeleteTodoRequest {}\nmessage DeleteTodoReply {}\n\nmessage GetTodoRequest {}\nmessage GetTodoReply {}\n\nmessage ListTodoRequest {}\nmessage ListTodoReply {}\n```\n\n这里我们就实现模板给的 5 个接口：\n\n```protobuf\nimport \"google/api/annotations.proto\"; // 需要引入\n\nservice Todo {\n	rpc CreateTodo (CreateTodoRequest) returns (CreateTodoReply) {\n		option (google.api.http) = { // http 方法\n			post: \"/v1/todo/create\",\n			body: \"*\"\n		};\n	};\n	rpc UpdateTodo (UpdateTodoRequest) returns (UpdateTodoReply) {\n		option (google.api.http) = {\n			post: \"/v1/todo/update/{id}\",\n			body: \"*\"\n		};\n	};\n	rpc DeleteTodo (DeleteTodoRequest) returns (DeleteTodoReply) {\n		option (google.api.http) = {\n			post: \"/v1/todo/delete/{id}\",\n			body: \"*\"\n		};\n	};\n	rpc GetTodo (GetTodoRequest) returns (GetTodoReply) {\n		option (google.api.http) = {\n			get: \"/v1/todo/get/{id}\",\n		};\n	};\n	rpc ListTodo (ListTodoRequest) returns (ListTodoReply) {\n		option (google.api.http) = {\n			get: \"/v1/todo/list\",\n		};\n	};\n}\n\nmessage todo {\n	int64 id = 1;\n	string title = 2;\n	bool status = 3;\n}\n\nmessage CreateTodoRequest { // 发送给前端的请求参数\n	string title = 1;\n}\nmessage CreateTodoReply { // 从前端接收的返回参数\n	int64 id = 1;\n	string title = 2;\n	bool status = 3;\n}\n\nmessage UpdateTodoRequest {\n	int64 id = 1;\n	string title = 2;\n	bool status = 3;\n}\nmessage UpdateTodoReply {}\n\nmessage DeleteTodoRequest {\n	int64 id = 1;\n}\nmessage DeleteTodoReply {}\n\nmessage GetTodoRequest {\n	int64 id = 1;\n}\nmessage GetTodoReply {\n	todo todo = 1;\n}\n\nmessage ListTodoRequest {}\nmessage ListTodoReply {\n	repeated todo data = 1;\n}\n```\n\n然后生成 go 代码；\n\n```shell\nkratos proto client api/study/v1/todo.proto\n```\n\n当看到这里的 go 代码成功生成了，就证明没什么问题：\n\n![image-20231226171715797](https://formyblog-1316637577.cos.ap-guangzhou.myqcloud.com/img/image-20231226171715797.png)\n\n我们继续生成 service 端代码：\n\n```\nkratos proto server api/study/v1/todo.proto -t internal/service\n```\n\n可以看到这里就多了一个 todo.go 的代码了\n\n![image-20231226172159612](https://formyblog-1316637577.cos.ap-guangzhou.myqcloud.com/img/image-20231226172159612.png)\n\n那 service 层的这个 todo.go 应该实现一些什么东西呢？\n\n我们可以看看示例的 greater.go 实现了什么，他这里嵌入了一个实现业务逻辑的结构体，在 biz 里面的\n\n![image-20231226192302406](https://formyblog-1316637577.cos.ap-guangzhou.myqcloud.com/img/image-20231226192302406.png)\n\n然后下面就是具体逻辑的实现：\n\n![image-20231226192433422](https://formyblog-1316637577.cos.ap-guangzhou.myqcloud.com/img/image-20231226192433422.png)\n\n那咱们也照葫芦画瓢，同样整一份：\n\n```go\ntype TodoService struct {\n	pb.UnimplementedTodoServer\n\n	// 嵌入一个实现业务逻辑的结构体（biz）\n	uc *biz.TodoUsecase\n}\n\nfunc NewTodoService(uc *biz.TodoUsecase) *TodoService {\n	// 在这里需要初始化, 传入 uc\n	return &TodoService{\n		uc: uc,\n	}\n}\n```\n\n![image-20231226192535751](https://formyblog-1316637577.cos.ap-guangzhou.myqcloud.com/img/image-20231226192535751.png)\n\nbiz 这里，咱们 CV 他的 greater.go 代码，自己实现一份我们的 todo.go，\n\n根据我们前面定义的 proto 文件，定义好 Todo 的结构体，然后想一想我们需要 data 层实现什么功能，\n\n最后就是实现我们的 CreateTodo，给 service 提供一个创建的方法\n\n```go\n// Todo is a Greeter model.\ntype Todo struct {\n	ID     int64\n	Title  string\n	Status bool\n}\n\n// TodoRepo 封装的是需要数据操作层给我的实现的操作（biz 层对 data 层提出了这些要求）\ntype TodoRepo interface {\n	Save(context.Context, *Todo) (*Todo, error)\n	Update(context.Context, *Todo) error\n	Delete(context.Context, int64) error\n	FindByID(context.Context, int64) (*Todo, error)\n	ListAll(context.Context) ([]*Todo, error)\n}\n\n// TodoUsecase is a Greeter usecase.\ntype TodoUsecase struct {\n	repo TodoRepo\n	log  *log.Helper\n}\n\n// NewTodoUsecase new a Greeter usecase.\nfunc NewTodoUsecase(repo TodoRepo, logger log.Logger) *TodoUsecase {\n	return &TodoUsecase{repo: repo, log: log.NewHelper(logger)}\n}\n\n// CreateTodo 创建一个新的 Todo\n// 对外提供的的业务函数, 具体来说就是 service 层调用他\nfunc (uc *TodoUsecase) CreateTodo(ctx context.Context, t *Todo) (*Todo, error) {\n	uc.log.WithContext(ctx).Infof(\"CreateTodo: %v\", t)\n	return uc.repo.Save(ctx, t) // 调用下一层的 Save\n}\n```\n\n接着，我们回到 service 层，咱们先实现一个逻辑的 demo，然后让程序快速跑起来：\n\n```go\nfunc (s *TodoService) CreateTodo(ctx context.Context, req *pb.CreateTodoRequest) (*pb.CreateTodoReply, error) {\n	// 请求来了\n	if len(req.GetTitle()) == 0 {\n		return &pb.CreateTodoReply{}, fmt.Errorf(\"无效的title\")\n	}\n	// 调用业务逻辑\n	data, err := s.uc.CreateTodo(ctx, &biz.Todo{\n		Title: req.Title,\n	})\n	if err != nil {\n		return nil, err\n	}\n	// 返回响应\n	return &pb.CreateTodoReply{\n		Id:     data.ID,\n		Title:  data.Title,\n		Status: data.Status,\n	}, nil\n}\n```\n\n我们在 biz 层给 data 层提了要求，那我们就需要去实现一下，\n\n同样的操作，CV 一份 greater.go 的代码，然后修改我们的 todo.go\n\n![image-20231226194958335](https://formyblog-1316637577.cos.ap-guangzhou.myqcloud.com/img/image-20231226194958335.png)\n\n把我们之前在 biz 层封装的功能都写好在这里\n\n```go\ntype todoRepo struct {\n	data *Data\n	log  *log.Helper\n}\n\n// NewtodoRepo .\nfunc NewtodoRepo(data *Data, logger log.Logger) biz.TodoRepo {\n	return &todoRepo{\n		data: data,\n		log:  log.NewHelper(logger),\n	}\n}\n\nfunc (r *todoRepo) Save(ctx context.Context, t *biz.Todo) (*biz.Todo, error) {\n	fmt.Printf(\"save: t: %v\\n\", t)\n	// 实现数据库操作\n	return t, nil\n}\n\nfunc (r *todoRepo) Update(ctx context.Context, t *biz.Todo) error {\n	return nil\n}\n\nfunc (r *todoRepo) Delete(ctx context.Context, id int64) error {\n	return nil\n}\n\nfunc (r *todoRepo) FindByID(ctx context.Context, id int64) (*biz.Todo, error) {\n	return nil, nil\n}\n\nfunc (r *todoRepo) ListAll(context.Context) ([]*biz.Todo, error) {\n	return nil, nil\n}\n```\n\n这里暂时先不写具体的逻辑，如果需要操作数据库，那就要到 data.go 文件连接我们的数据库，我们先把项目跑起来，暂时先不管\n\n最后，我们逻辑实现完了，别人怎么调用我们的服务呢？这时候就要到 server 层注册服务，grpc.go：\n\n```go\nimport (\n	v1 \"study/api/study/v1\" // 注意要 import study\n	\"study/internal/conf\"\n	\"study/internal/service\"\n\n	\"github.com/go-kratos/kratos/v2/log\"\n	\"github.com/go-kratos/kratos/v2/middleware/recovery\"\n	\"github.com/go-kratos/kratos/v2/transport/grpc\"\n)\n\n// NewGRPCServer new a gRPC server.\nfunc NewGRPCServer(c *conf.Server, todo *service.TodoService, logger log.Logger) *grpc.Server {\n	var opts = []grpc.ServerOption{\n		grpc.Middleware(\n			recovery.Recovery(),\n		),\n	}\n	if c.Grpc.Network != \"\" {\n		opts = append(opts, grpc.Network(c.Grpc.Network))\n	}\n	if c.Grpc.Addr != \"\" {\n		opts = append(opts, grpc.Address(c.Grpc.Addr))\n	}\n	if c.Grpc.Timeout != nil {\n		opts = append(opts, grpc.Timeout(c.Grpc.Timeout.AsDuration()))\n	}\n	srv := grpc.NewServer(opts...)\n	v1.RegisterTodoServer(srv, todo)\n	return srv\n}\n```\n\nhttp.go 也是类似的，这里就不放代码了\n\n最后到 cmd 目录下的 wire.go 文件：\n\n![image-20231226215043108](https://formyblog-1316637577.cos.ap-guangzhou.myqcloud.com/img/image-20231226215043108.png)\n\n将这里 wire.Build 里面的函数，点进他们的实现，然后修改成我们的逻辑，比如进 data.ProviderSet：\n\n```go\nvar ProviderSet = wire.NewSet(NewData, NewtodoRepo)\n```\n\n改成 NewtodoRepo，其他的也类似，然后进入到 wire.go 在的目录，执行 wire：\n\n```\nwire\n```\n\n生成新的 wire_gen.go 代码\n\n最后，一切都准备就绪，我们回到主路径，将项目跑起来：\n\n```\nkratos run\n```\n\n![image-20231226215529763](https://formyblog-1316637577.cos.ap-guangzhou.myqcloud.com/img/image-20231226215529763.png)\n\n![image-20231226215555215](https://formyblog-1316637577.cos.ap-guangzhou.myqcloud.com/img/image-20231226215555215.png)\n\n项目就成功跑起来了\n\n\n\n\n\n\n\n\n\n\n\n\n\n\n\n','[\"文章\"]',NULL,NULL,1,'2023-12-27 21:15:02','2024-01-08 20:52:34',1),(13,'快速上手微服务框架 Kratos','[TOC]\n\n# 快速上手微服务框架 Kratos\n\n## 把官方的 demo 跑起来\n\n读官方文档的快速开始，然后安装依赖，把官方的 helloworld 的 demo 跑起来\n\n官方文档地址：[Kratos (go-kratos.dev)](https://go-kratos.dev/)\n\n## demo 的架构简单分析\n\n![image-20231226103332725](https://formyblog-1316637577.cos.ap-guangzhou.myqcloud.com/img/image-20231226103332725.png)\n\n先打开 api 文件，看这里的 greater.proto\n\n![image-20231226103444628](https://formyblog-1316637577.cos.ap-guangzhou.myqcloud.com/img/image-20231226103444628.png)\n\nproto 文件也被称为 go 程序员的接口文档（听一个学 go 的哥们说的），从这里我们就能看到这里启动了一个 http 的服务，跟着官方文档的指引，我们把项目跑起来，可以去浏览器访问一下，不过我习惯用 ApiPost 来调试代码：\n\n![image-20231226104150919](https://formyblog-1316637577.cos.ap-guangzhou.myqcloud.com/img/image-20231226104150919.png)\n\n好吧，来都来了，浏览器也跑一下玩玩：\n\n![image-20231226104221603](https://formyblog-1316637577.cos.ap-guangzhou.myqcloud.com/img/image-20231226104221603.png)\n\n回到正题，继续看代码：\n\n![image-20231226104315656](https://formyblog-1316637577.cos.ap-guangzhou.myqcloud.com/img/image-20231226104315656.png)\n\ncmd 就是程序启动的地方，wire 我还没仔细看，暂时不重要，主要还是看 main.go 文件\n\n![image-20231226104451983](https://formyblog-1316637577.cos.ap-guangzhou.myqcloud.com/img/image-20231226104451983.png)\n\n简单来说就是加载配置，然后最后 app.Run() 跑起来，代码还是很清晰的。\n\n然后 configs 文件就不用说了，放的就是 yaml 文件，配置信息\n\n![image-20231226104906255](https://formyblog-1316637577.cos.ap-guangzhou.myqcloud.com/img/image-20231226104906255.png)\n\ninternel 就是放的不暴露到外面的代码，说人话就是具体的代码逻辑就是写在这里\n\n**biz**\n\n业务逻辑的组装层，类似 DDD 的 domain 层，data 类似 DDD 的 repo，repo 接口在这里定义\n\n**data**\n\n业务数据访问，包含 cache、db 等封装，实现了 biz 的 repo 接口\n\n**service**\n\n实现了 api 定义的服务层，类似 DDD 的 application 层，处理 DTO 到 biz 领域实体的转换（DTO -> DO），同时协同各类 biz 交互，但是不应处理复杂逻辑\n\n**server**\n\n为 http 和 grpc 实例的创建和配置，以及注册对应的 service \n\n**conf**\n\n这里面比较特殊，我也是第一次见这种操作，用 proto 来写配置信息，然后直接生成 go 代码\n\n**总结**\n\n这里讲了一大堆其实没什么用，大概知道一下就行了，最后怎么分包，怎么实现还是看自己想怎么做，喜欢怎么做，这里只是作为一个参考，go 并不像 Java 那么注重一模一样的规范\n\n![image-20231226105831270](https://formyblog-1316637577.cos.ap-guangzhou.myqcloud.com/img/image-20231226105831270.png)\n\n最后就是 third_party，这个就是第三方库，说到这里，补充一句，如果你用的是 GoLand，然后发现你的 proto 文件的这个：import \"google/api/annotations.proto\"; 爆红了，但是不影响编译，用这个教程可以消去爆红：[kratos goland google/api/annotations.proto 标红_goland中proto报红-CSDN博客](https://blog.csdn.net/brazor/article/details/124455504)\n\n\n\n然后官方的这个 demo 也给我们提供了 Dockerfile，准备了 Makefile 等等这些就不细说了，等用上了再说，如果没用上刚好就不用说了，少说废话，多实战才是真的。\n\n','[\"文章\"]',NULL,NULL,1,'2023-12-27 21:15:02','2023-12-27 21:15:02',0),(14,'在mybatisPlus框架下，自己写SQL','### mybatis框架下自己写SQL如何写\n\n#### 在src/main/resource目录下编写XML\n\n##### 目录结构\n\n我们将UserMapper.xml放在resource下的mapper目录中，我的整个项目目录如下\n\n\n![image.png](https://pic.code-nav.cn/post_picture/1645799822881509377/322w6PUS-image.png)\n\n\n##### 编写实体类对应的Mapper接口\n\n我们这里自定义了getAll()方法，获取全部用户的信息。\n\n```java\npackage com.xwhking.mapper;\n \nimport com.xwhking.pojo.User;\nimport com.baomidou.mybatisplus.core.mapper.BaseMapper;\nimport org.springframework.stereotype.Repository;\n \nimport java.util.List;\n \n@Mapper\npublic interface UserMapper extends BaseMapper<User> {\n \n    public List<User> getAll();\n \n}\n```\n\n\n\n##### 编写UserMapper.xml\n\n```xml\n<?xml version=\"1.0\" encoding=\"UTF-8\"?>\n<!DOCTYPE mapper PUBLIC \"-//mybatis.org//DTD Mapper 3.0//EN\" \"http://mybatis.org/dtd/mybatis-3-mapper.dtd\">\n<mapper namespace=\"com.xwhking.mapper.UserMapper\">\n \n    <select id=\"getAll\" resultType=\"com.xwhking.pojo.User\">\n        select * from user\n    </select>\n \n</mapper>\n```\n\n\n\n##### 在配置文件中扫描我们的xml配置的位置\n\nappilication.yml\n\n```yml\nmybatis-plus.mapper-locations=classpath:/mapper/**.xml\n```\n\n##### 测试\n\n```java\nimport org.springframework.boot.test.context.SpringBootTest;\n \nimport java.io.InputStream;\nimport java.util.ArrayList;\nimport java.util.List;\n \n@SpringBootTest\nclass AutoApplicationTests {\n \n \n    @Autowired\n    private UserMapper userMapper;\n \n    @Test\n    void test() {\n \n        List<User> userList=userMapper.getAll();\n        System.out.println(userList);\n    }\n}\n```\n\n\n\n#### 在src/main/java 目录下编写XML\n\n##### 目录结构\n\n\n![image.png](https://pic.code-nav.cn/post_picture/1645799822881509377/VHURUDmL-image.png)\n\n##### 编写实体类对应的Mapper接口\n\n```java\npackage com.xwhking.mapper;\n \nimport com.xwhking.pojo.User;\nimport com.baomidou.mybatisplus.core.mapper.BaseMapper;\nimport org.springframework.stereotype.Repository;\n \nimport java.util.List;\n \n@Repository\npublic interface UserMapper extends BaseMapper<User> {\n \n    public List<User> getAll();\n \n}\n```\n\n\n\n##### 编写UserMapper.xml\n\n```xml\n<?xml version=\"1.0\" encoding=\"UTF-8\"?>\n<!DOCTYPE mapper PUBLIC \"-//mybatis.org//DTD Mapper 3.0//EN\" \"http://mybatis.org/dtd/mybatis-3-mapper.dtd\">\n<mapper namespace=\"com.xwhking.mapper.UserMapper\">\n \n    <select id=\"getAll\" resultType=\"com.xwhking.pojo.User\">\n        select * from user\n    </select>\n \n</mapper>\n```\n\n\n\n##### 编写配置文件\n\napplication.yml\n\n```yml\nmybatis-plus.mapper-locations=classpath:com/xwhking/mapper/xml/**.xml\n```\n\n\n\n##### 配置pom文件\n\n*为什么*：这是因为在maven默认情况下是不会将src/main/java目录的xml等资源打包进入class文件夹的，而是直接忽略掉。\n\n我们只需在pom中加入如下配置，告诉idea，在编译的时候将**src/main/java下的xml一起打包进class文件夹中**，这样也就不会报异常了。\n\n```xml\n<build>\n        <resources>\n            <resource>\n                <directory>src/main/java</directory>\n                <includes>\n                    <include>**/*.xml</include>\n                </includes>\n            </resource>\n        </resources>\n    </build>\n```\n\n##### 测试\n\n```java\nimport org.springframework.boot.test.context.SpringBootTest;\n \nimport java.io.InputStream;\nimport java.util.ArrayList;\nimport java.util.List;\n \n@SpringBootTest\nclass AutoApplicationTests {\n \n \n    @Autowired\n    private UserMapper userMapper;\n \n    @Test\n    void test() {\n \n        List<User> userList=userMapper.getAll();\n        System.out.println(userList);\n    }\n}\n```\n\n#### classpath和classpath*的区别\n\nclasspath:只会在你的class路径下寻找\nclasspath*:不仅包含class路径，还包括jar文件中(class路径)进行查找\n\n一般来说，在大型公司的项目开发中都会需要用到classpath*进行文件配置，因为通常会用到第三方的jar，所以大多情况下会需要查找这些jar的配置文件。\n\n\n\n\n\n#### 参数传递问题\n\n##### 单个参数传递\n\n```java\n//在接口中定义放法，参数形式如下\n//使用单个参数\nStudent selectById(int id);\n```\n\n```xml\n<!--\n    使用单个参数查询：\n    parameterType：表示参数数据类型（可不写）\n    使用  #{参数名} 获取参数的值\n    对参数名称无要求\n-->\n<select id=\"selectById\" parameterType=\"int\" resultType=\"cn.krain.domain.Student\">\n    select * from student where id = #{id}\n</select>\n```\n\n```java\n//调用方法时只需要传入相应类型的单个值即可\nStudent student = dao.selectById(2);\n```\n\n##### 使用@param为参数命名传递多个参数\n\n```java\n/*  在接口文件的对应方法形参中，使用以下格式进行命名\n*   多个参数：为参数命名，在形参前加上  @Param(\"自定义参数名\")\n* */\nList<Student> selectMultiParam(@Param(\"myname\") String name,\n                                @Param(\"myage\") Integer age);\n\n```\n\n```java\n//调用时传入对应的参数值\nList<Student> students = dao.selectMultiParam(\"康康\",23);\n\n```\n\n```xml\n<!--\n    多个参数：使用param命名 使用为参数起得名称 eg：#{命名}\n-->\n<select id=\"selectMultiParam\" resultType=\"cn.krain.domain.Student\">\n    select * from student where name=#{myname} or age=#{myage}\n</select>\n\n```\n\n##### 使用Java对象作为方法的参数\n\n```java\n//在接口中定义放法，参数形式如下\n//多个参数：使用java对象作为方法的参数\nList<Student> selectMultiObject(QueryParam queryParam);\n\n```\n\n```xml\n<!--\n    多个参数：使用java对象的属性值作为参数实际值\n    原始语法：#{属性名, javaType=java中类型名称, jdbcType=数据库中的类型名}\n    eg:  #{queryName, javaType=String, jdbcType=Varchar}\n        #{queryAge, javaType=Integer, jdbcType=Integer}\n    简写：#{属性名}\n-->\n<select id=\"selectMultiObject\" resultType=\"cn.krain.domain.Student\">\n    select * from student where name=#{queryName} or age=#{queryAge}\n</select>\n\n```\n\n```java\n//调用时传入相应对象\nList<Student> students = dao.selectMultiObject(queryParam);\n\n```\n\n##### 使用位置传参\n\n在方法的参数中，形参的顺序对应映射文件中参数的顺序，arg0指形参中第一个值，arg1代表第二个，以此类推。\n\n```java\n//在接口中定义放法，参数形式如下\n//多个参数：使用位置传参\nList<Student> selectMultiPosition(String name, Integer age);\n```\n\n```xml\n<!--根据参数位置传参    arg后面的数字代表参数所在的位置-->\n<select id=\"selectMultiPosition\" resultType=\"cn.krain.domain.Student\">\n    select * from student where name=#{arg0} or age=#{arg1}\n</select>\n\n```\n\n```java\n//调用代码\nList<Student> students = dao.selectMultiPosition(\"康康\", 23);\n\n```\n\n##### 使用map传参\n\n```java\n//在接口中定义放法，参数形式如下\n//使用Map传递多个参数\nList<Student> selectMultiMap(Map<String, Object> map);\n```\n\n```xml\n<!--使用Map键值对传参，形式：#{key名}-->\n<select id=\"selectMultiMap\" resultType=\"cn.krain.domain.Student\">\n    select * from student where name=#{mapName} or age=#{mapAge}\n</select>\n```\n\n```java\n//调用\nMap<String,Object> data = new HashMap<String,Object>();\ndata.put(\"mapName\",\"krain\");\ndata.put(\"mapAge\",23);\nList<Student> students = dao.selectMultiMap(data);\n```\n\n','[\"文章\",\"后端\",\"Java\",\"框架\"]',NULL,NULL,1,'2023-12-27 21:15:02','2023-12-27 21:15:02',0),(15,'理解原码、反码、补码','# 原码\n\n**原码：十进制数据的二进制表现形式，最左边是符号位，0为正，1为负**\n\n**利用原码对正数进行计算是不会有问题的。**\n\n十进制是逢十进一，不会出现10这个数字。\n\n二进制是逢二进一，不会出现2这个数字。\n\n\n原码的示例\n\n![image.png](https://pic.code-nav.cn/post_picture/1667553683887370242/FduY8eAx-image.png)\n\n比如十进制56转成二进制就是00111000。\n\n00111000中，最左边的0就是代表这个数为正数，其余的0111000代表56，也就是下面这个样子。\n\n\n\n其中，一个0或者一个1就代码1bit（中文翻译叫比特位）。\n\n计算机里是通常是把8个bit分为一组，叫做一个byte（字节），而字节是计算机中最小的存储单元。\n\n**而一个字节最大值表示为01111111，转化成十进制就是+127，是正的127。**\n\n最左边的符号位取0，其余位为数据，因为是求最大，每位上全部取最大为1。\n\n**而一个字节最小值表示为11111111，转化成十进制就是-127，是负的127。**\n\n最左边的符号位取1，其余位为数据，因为是求最小，每位上全部取最小也为1 。\n\n\n## 原码的弊端\n\n\n又举个例子\n\n现在有一个字节代表的数是-0，也就是0，如下图\n\n![image.png](https://pic.code-nav.cn/post_picture/1667553683887370242/papG4wnP-image.png)\n\n如果我现在要对它进行+1操作，也就是下面这样\n\n![image.png](https://pic.code-nav.cn/post_picture/1667553683887370242/4Jb7DAfM-image.png)\n\n按理说0+1=(+1)，但是根据上图，这样做的话就粗问题了，按照二进制的规则，这样操作的二进制转成十进制为-1，也就是下图才是我们想要的结果\n\n![image.png](https://pic.code-nav.cn/post_picture/1667553683887370242/muZBn8lI-image.png)\n\n\n如果在此实际值上再进行+1操作，又出现了下面的情况\n\n![image.png](https://pic.code-nav.cn/post_picture/1667553683887370242/awsSIGYQ-image.png)\n\n\n为什么会出现这样的情况呢？\n\n![image.png](https://pic.code-nav.cn/post_picture/1667553683887370242/f2MI8yl0-image.png)\n\n想要理解清楚，需要结合数轴去理解\n\n如果我要用二进制表示0的基础上+1，但是因为符号位是1代表负数，实际是在0的位置上往负的方向前进的1单位，如下图所示\n\n![image.png](https://pic.code-nav.cn/post_picture/1667553683887370242/3GYPKTII-image.png)\n\n\n**所以这就是原码的弊端：在原码的基础上，如果是负数计算，结果就出错，实际运算的结果，跟我们预期的结果是相反的**。\n\n![image.png](https://pic.code-nav.cn/post_picture/1667553683887370242/QoAYlwGS-image.png)\n\n\n**如果我们结合上面的数轴，在进行负数计算的时候，如果把数轴的方向倒转一下，那不就得到了我们想要的结果了吗？因此，这就引出了反码的由来**\n\n\n\n# 反码\n\n\n**反码：为了解决原码不能计算负数的问题而出现的**\n\n**计算规则：**\n\n**正数的反码不变。\n负数的反码在原码的基础上，符号位不变。数值取反，0变1，1变0。\n为什么正数的反码不变？**\n\n因为正数之间的计算是没有任何问题，只有我们上面举到的例子中有负数的计算才会有反码的出现\n\n## 反码的示例\n\n\n又又举个栗子\n\n十进制-56的二进制原码是10111000。根据规则，符号位不变。数值取反，0变1，1变0。它的反码为11000111\n\n验证反码能不能解决原码负数计算的问题，我们可以验证一下\n\n\n\n**就看看-56+1的值是不是为-55的这个情况？**\n\n-56的原码是10111000，而-56的反码就是11000111。\n进行-56+1的操作就是在-56的反码11000111从最右边的数字进1位根据二进制逢二进一变为11001000\n而55的原码是0011011，所以-55的原码就是10110111，所以-55的反码就是11001000，结果成立！\n\n![image.png](https://pic.code-nav.cn/post_picture/1667553683887370242/5Z1PCQfZ-image.png)\n\n这么一来，你就懂了吧？如果还没明白，把上面的步骤多看几遍，你就懂了\n\n\n## 反码的弊端\n\n\n又又又举个例子，我现在\n\n现在又一个十进制数字-2，其原码是1000 0010，其反码为1111 1101\n\n如果对-2进行+1操作之后，其原码变为1000 0001，反码变为1111 1110，结果为-2+1=-1,没问题\n如果对-2进行+2操作，也就是两次+1操作，原码会变成1000 0000 ，反码变为1111 1111，结果为-2+2=0 也没问题\n如果对-2进行+3进行操作，也就是三次+1错做，原码会变成0000 0000，反码编程0000 0000，结果为-2+3=0，到这里就不对起来了？\n\n![image.png](https://pic.code-nav.cn/post_picture/1667553683887370242/6aM2GZZT-image.png)\n\n为什么会出现这样的情况呢？\n\n\n![image.png](https://pic.code-nav.cn/post_picture/1667553683887370242/p2hfAIKe-image.png)\n\n就是因为二进制对于0的表达有两种方式，如上图表格所示\n\n怎么解决呢？这就引出了补码的由来\n\n**当初的哪些计算机大佬是那么想的：既然反码计算到0的时候会因为有2个0的表达方式而造成计算误差，那我把反码中的两个0的表达方式屏蔽一个不就好了嘛。所以就有了补码的出现**\n\n![image.png](https://pic.code-nav.cn/post_picture/1667553683887370242/G1gz8QIJ-image.png)\n\n![image.png](https://pic.code-nav.cn/post_picture/1667553683887370242/EW2V2Evu-image.png)\n\n这样就可以把0的两种表现形式给屏蔽掉了，但是这里的补码是为了有负数、有反码的计算。\n\n如果全部是正数的计算就用原码计算即可\n\n\n# 补码\n\n\n**补码：为了解决反码不能计算负数超过0的问题而出现的**\n\n\n\n## 补码的示例\n\n先把上面的表拿下来\n\n![image.png](https://pic.code-nav.cn/post_picture/1667553683887370242/2KM3bNZj-image.png)\n\n举例一个跨0的情况，进行-4+5的操作\n\n-4的补码是1111 1100\n5是一个正数。正数的原码、反码、补码的值都是一样的，所以补码为0000 0101\n把两者补码进行相加操作，得到补码0000 0001，表示十进制的数就是1，成功！\n\n![image.png](https://pic.code-nav.cn/post_picture/1667553683887370242/BKxKfspt-image.png)\n\n这么一来，你就懂了吧？如果还没明白，把上面的步骤多看几遍，你就懂了\n\n\n## 补码的小细节\n\n因为补码是在反码的基础上+1得到的，所以-127的补码就是1000 0001，所以就会空出一位，因为+0和-0的补码是相同的，就会节省出一个补码跑到最下面，如下图所示\n\n![image.png](https://pic.code-nav.cn/post_picture/1667553683887370242/tiHAsBGd-image.png)\n\n\n**因为补码的这个特性，-128是特殊规定的，因此没有原码和反码。但是这也不影响，因为计算机中数字的存储和运算都是以补码为基础进行的**\n\n\n# 总结\n\n\n**原码**是用来表示十进制数据的一种二进制形式，最左边的一位是符号位，0表示正数，1表示负数。但是，原码不能直接用于负数计算，如果用原码进行负数计算，结果会出错，实际运算的方向与正确运算的方向相反。\n\n\n\n**反码**是为了解决原码不能计算负数的问题而出现的。对于正数，反码和原码一样；对于负数，反码是在原码的基础上将符号位不变，数值位全部取反（即0变1，1变0）。然而，反码也存在一个问题，那就是如果负数的计算结果跨过0，那么结果会比实际结果多1。\n\n\n\n**补码**则是为了解决反码不能计算负数超过0的问题而出现的。对于正数，补码和原码、反码一样；对于负数，补码是在反码的基础上加1。这样，负数就可以正确地用补码表示了。此外，补码还可以多记录一个特殊的值-128，这在用一个字节表示数据的情况下是特别重要的。\n\n','[\"文章\",\"笔记\"]',NULL,NULL,1,'2023-12-27 21:15:02','2024-11-04 07:58:36',0),(26,'Test','Test','[\"文章\",\"测试\"]',0,0,1,'2024-11-11 09:47:13','2024-11-11 09:47:13',0),(27,'快速上手微服务框架 Kratos','[TOC]\n\n# 快速上手微服务框架 Kratos\n\n## 把官方的 demo 跑起来\n\n读官方文档的快速开始，然后安装依赖，把官方的 helloworld 的 demo 跑起来\n\n官方文档地址：[Kratos (go-kratos.dev)](https://go-kratos.dev/)\n\n## demo 的架构简单分析\n\n![image-20231226103332725](https://formyblog-1316637577.cos.ap-guangzhou.myqcloud.com/img/image-20231226103332725.png)\n\n先打开 api 文件，看这里的 greater.proto\n\n![image-20231226103444628](https://formyblog-1316637577.cos.ap-guangzhou.myqcloud.com/img/image-20231226103444628.png)\n\nproto 文件也被称为 go 程序员的接口文档（听一个学 go 的哥们说的），从这里我们就能看到这里启动了一个 http 的服务，跟着官方文档的指引，我们把项目跑起来，可以去浏览器访问一下，不过我习惯用 ApiPost 来调试代码：\n\n![image-20231226104150919](https://formyblog-1316637577.cos.ap-guangzhou.myqcloud.com/img/image-20231226104150919.png)\n\n好吧，来都来了，浏览器也跑一下玩玩：\n\n![image-20231226104221603](https://formyblog-1316637577.cos.ap-guangzhou.myqcloud.com/img/image-20231226104221603.png)\n\n回到正题，继续看代码：\n\n![image-20231226104315656](https://formyblog-1316637577.cos.ap-guangzhou.myqcloud.com/img/image-20231226104315656.png)\n\ncmd 就是程序启动的地方，wire 我还没仔细看，暂时不重要，主要还是看 main.go 文件\n\n![image-20231226104451983](https://formyblog-1316637577.cos.ap-guangzhou.myqcloud.com/img/image-20231226104451983.png)\n\n简单来说就是加载配置，然后最后 app.Run() 跑起来，代码还是很清晰的。\n\n然后 configs 文件就不用说了，放的就是 yaml 文件，配置信息\n\n![image-20231226104906255](https://formyblog-1316637577.cos.ap-guangzhou.myqcloud.com/img/image-20231226104906255.png)\n\ninternel 就是放的不暴露到外面的代码，说人话就是具体的代码逻辑就是写在这里\n\n**biz**\n\n业务逻辑的组装层，类似 DDD 的 domain 层，data 类似 DDD 的 repo，repo 接口在这里定义\n\n**data**\n\n业务数据访问，包含 cache、db 等封装，实现了 biz 的 repo 接口\n\n**service**\n\n实现了 api 定义的服务层，类似 DDD 的 application 层，处理 DTO 到 biz 领域实体的转换（DTO -> DO），同时协同各类 biz 交互，但是不应处理复杂逻辑\n\n**server**\n\n为 http 和 grpc 实例的创建和配置，以及注册对应的 service \n\n**conf**\n\n这里面比较特殊，我也是第一次见这种操作，用 proto 来写配置信息，然后直接生成 go 代码\n\n**总结**\n\n这里讲了一大堆其实没什么用，大概知道一下就行了，最后怎么分包，怎么实现还是看自己想怎么做，喜欢怎么做，这里只是作为一个参考，go 并不像 Java 那么注重一模一样的规范\n\n![image-20231226105831270](https://formyblog-1316637577.cos.ap-guangzhou.myqcloud.com/img/image-20231226105831270.png)\n\n最后就是 third_party，这个就是第三方库，说到这里，补充一句，如果你用的是 GoLand，然后发现你的 proto 文件的这个：import \"google/api/annotations.proto\"; 爆红了，但是不影响编译，用这个教程可以消去爆红：[kratos goland google/api/annotations.proto 标红_goland中proto报红-CSDN博客](https://blog.csdn.net/brazor/article/details/124455504)\n\n\n\n然后官方的这个 demo 也给我们提供了 Dockerfile，准备了 Makefile 等等这些就不细说了，等用上了再说，如果没用上刚好就不用说了，少说废话，多实战才是真的。\n\n','[\"文章\"]',4,NULL,1,'2024-11-11 20:29:44','2024-11-11 10:12:27',0);
/*!40000 ALTER TABLE `post` ENABLE KEYS */;
UNLOCK TABLES;

--
-- Table structure for table `ry_vue_zhrj_alarm_info`
--

DROP TABLE IF EXISTS `ry_vue_zhrj_alarm_info`;
/*!40101 SET @saved_cs_client     = @@character_set_client */;
/*!50503 SET character_set_client = utf8mb4 */;
CREATE TABLE `ry_vue_zhrj_alarm_info` (
  `C1` text CHARACTER SET utf8mb4 COLLATE utf8mb4_0900_ai_ci
) ENGINE=InnoDB DEFAULT CHARSET=utf8mb4 COLLATE=utf8mb4_0900_ai_ci ROW_FORMAT=DYNAMIC;
/*!40101 SET character_set_client = @saved_cs_client */;

--
-- Dumping data for table `ry_vue_zhrj_alarm_info`
--

LOCK TABLES `ry_vue_zhrj_alarm_info` WRITE;
/*!40000 ALTER TABLE `ry_vue_zhrj_alarm_info` DISABLE KEYS */;
INSERT INTO `ry_vue_zhrj_alarm_info` VALUES ('create table zhrj_alarm_info'),('('),('    id            bigint       not null comment \'主键ID\''),('        primary key,'),('    dept_id       bigint       null comment \'部门ID\','),('    wan_ip        varchar(64)  null comment \'终端IP\','),('    event_time    datetime     null comment \'采集时间\','),('    event_type    int          null comment \'事件类型(DICT: event_type)\','),('    event_status  int          null comment \'事件状态(DICT: event_status)\','),('    event_reasons varchar(512) null comment \'事件归集原因\''),(')'),('    comment \'事件表\' collate = utf8mb4_general_ci;'),(NULL),('INSERT INTO `ry-vue`.zhrj_alarm_info (id, dept_id, wan_ip, event_time, event_type, event_status, event_reasons) VALUES (1, 103, \'127.0.0.1\', \'2023-03-13 10:23:19\', 1, 1, \'所在地区受天气影响，导致终端在线率下降\');'),('INSERT INTO `ry-vue`.zhrj_alarm_info (id, dept_id, wan_ip, event_time, event_type, event_status, event_reasons) VALUES (2, 104, \'127.0.0.2\', \'2023-03-13 10:23:19\', 2, 2, \'离线区域基站大范围检修，终端所属基站离线\');'),('INSERT INTO `ry-vue`.zhrj_alarm_info (id, dept_id, wan_ip, event_time, event_type, event_status, event_reasons) VALUES (3, 105, \'127.0.0.3\', \'2023-03-13 10:23:19\', 1, 1, \'所在地区受天气影响，导致终端在线率下降\');'),('INSERT INTO `ry-vue`.zhrj_alarm_info (id, dept_id, wan_ip, event_time, event_type, event_status, event_reasons) VALUES (4, 106, \'127.0.0.4\', \'2023-03-09 10:23:19\', 2, 2, \'离线区域基站大范围检修，终端所属基站离线\');'),('INSERT INTO `ry-vue`.zhrj_alarm_info (id, dept_id, wan_ip, event_time, event_type, event_status, event_reasons) VALUES (5, 107, \'127.0.0.5\', \'2023-03-09 10:23:19\', 4, 1, \'所在地区受天气影响，导致终端在线率下降\');'),('INSERT INTO `ry-vue`.zhrj_alarm_info (id, dept_id, wan_ip, event_time, event_type, event_status, event_reasons) VALUES (6, 104, \'127.0.0.2\', \'2023-03-09 10:23:19\', 4, 2, \'所在地区受天气影响，导致终端在线率下降\');'),('INSERT INTO `ry-vue`.zhrj_alarm_info (id, dept_id, wan_ip, event_time, event_type, event_status, event_reasons) VALUES (7, 105, \'127.0.0.3\', \'2023-03-09 10:23:19\', 4, 2, \'所在地区受天气影响，导致终端在线率下降\');'),('INSERT INTO `ry-vue`.zhrj_alarm_info (id, dept_id, wan_ip, event_time, event_type, event_status, event_reasons) VALUES (8, 106, \'127.0.0.4\', \'2023-03-09 10:23:19\', 3, 1, \'终端信号弱，信号不稳定 \');'),('INSERT INTO `ry-vue`.zhrj_alarm_info (id, dept_id, wan_ip, event_time, event_type, event_status, event_reasons) VALUES (9, 103, \'127.0.0.1\', \'2023-03-09 10:23:19\', 3, 1, \'终端信号弱，信号不稳定 \');'),('INSERT INTO `ry-vue`.zhrj_alarm_info (id, dept_id, wan_ip, event_time, event_type, event_status, event_reasons) VALUES (10, 104, \'127.0.0.2\', \'2023-03-09 10:23:19\', 3, 1, \'终端信号弱，信号不稳定 \');'),('INSERT INTO `ry-vue`.zhrj_alarm_info (id, dept_id, wan_ip, event_time, event_type, event_status, event_reasons) VALUES (11, 105, \'127.0.0.3\', \'2023-03-09 10:23:19\', 3, 2, \'终端信号弱，信号不稳定 \');'),('INSERT INTO `ry-vue`.zhrj_alarm_info (id, dept_id, wan_ip, event_time, event_type, event_status, event_reasons) VALUES (12, 106, \'127.0.0.4\', \'2023-03-09 10:23:19\', 3, 2, \'终端信号弱，信号不稳定 \');'),('INSERT INTO `ry-vue`.zhrj_alarm_info (id, dept_id, wan_ip, event_time, event_type, event_status, event_reasons) VALUES (13, 103, \'127.0.0.1\', \'2023-03-09 10:23:19\', 3, 2, \'终端信号弱，信号不稳定 \');'),('INSERT INTO `ry-vue`.zhrj_alarm_info (id, dept_id, wan_ip, event_time, event_type, event_status, event_reasons) VALUES (14, 104, \'127.0.0.2\', \'2023-03-09 10:23:19\', 3, 2, \'终端信号弱，信号不稳定 \');'),('INSERT INTO `ry-vue`.zhrj_alarm_info (id, dept_id, wan_ip, event_time, event_type, event_status, event_reasons) VALUES (15, 105, \'127.0.0.3\', \'2023-03-09 10:23:19\', 3, 2, \'终端信号弱，信号不稳定 \');'),('INSERT INTO `ry-vue`.zhrj_alarm_info (id, dept_id, wan_ip, event_time, event_type, event_status, event_reasons) VALUES (16, 106, \'127.0.0.4\', \'2023-03-09 10:23:19\', 3, 2, \'终端信号弱，信号不稳定 \');'),('INSERT INTO `ry-vue`.zhrj_alarm_info (id, dept_id, wan_ip, event_time, event_type, event_status, event_reasons) VALUES (17, 103, \'127.0.0.1\', \'2023-03-09 10:23:19\', 3, 1, \'终端信号弱，信号不稳定 \');'),('INSERT INTO `ry-vue`.zhrj_alarm_info (id, dept_id, wan_ip, event_time, event_type, event_status, event_reasons) VALUES (18, 104, \'127.0.0.2\', \'2023-03-09 10:23:19\', 3, 2, \'终端信号弱，信号不稳定 \');'),('INSERT INTO `ry-vue`.zhrj_alarm_info (id, dept_id, wan_ip, event_time, event_type, event_status, event_reasons) VALUES (19, 105, \'127.0.0.3\', \'2023-03-09 10:23:19\', 3, 1, \'终端信号弱，信号不稳定 \');'),('INSERT INTO `ry-vue`.zhrj_alarm_info (id, dept_id, wan_ip, event_time, event_type, event_status, event_reasons) VALUES (20, 106, \'127.0.0.4\', \'2023-03-09 10:23:19\', 2, 1, \'离线区域基站大范围检修，终端所属基站离线\');'),('INSERT INTO `ry-vue`.zhrj_alarm_info (id, dept_id, wan_ip, event_time, event_type, event_status, event_reasons) VALUES (21, 103, \'127.0.0.1\', \'2023-03-09 10:23:19\', 2, 1, \'离线区域基站大范围检修，终端所属基站离线\');'),('INSERT INTO `ry-vue`.zhrj_alarm_info (id, dept_id, wan_ip, event_time, event_type, event_status, event_reasons) VALUES (22, 104, \'127.0.0.2\', \'2023-03-09 10:23:19\', 2, 1, \'离线区域基站大范围检修，终端所属基站离线\');'),('INSERT INTO `ry-vue`.zhrj_alarm_info (id, dept_id, wan_ip, event_time, event_type, event_status, event_reasons) VALUES (23, 105, \'127.0.0.3\', \'2023-03-09 10:23:19\', 2, 1, \'离线区域基站大范围检修，终端所属基站离线\');'),('INSERT INTO `ry-vue`.zhrj_alarm_info (id, dept_id, wan_ip, event_time, event_type, event_status, event_reasons) VALUES (24, 106, \'127.0.0.4\', \'2023-03-09 10:23:19\', 2, 1, \'离线区域基站大范围检修，终端所属基站离线\');'),('INSERT INTO `ry-vue`.zhrj_alarm_info (id, dept_id, wan_ip, event_time, event_type, event_status, event_reasons) VALUES (25, 103, \'127.0.0.1\', \'2023-03-09 10:23:19\', 2, 1, \'离线区域基站大范围检修，终端所属基站离线\');'),('INSERT INTO `ry-vue`.zhrj_alarm_info (id, dept_id, wan_ip, event_time, event_type, event_status, event_reasons) VALUES (26, 104, \'127.0.0.2\', \'2023-03-09 10:23:19\', 2, 1, \'离线区域基站大范围检修，终端所属基站离线\');'),('INSERT INTO `ry-vue`.zhrj_alarm_info (id, dept_id, wan_ip, event_time, event_type, event_status, event_reasons) VALUES (27, 105, \'127.0.0.3\', \'2023-03-09 10:23:19\', 2, 1, \'离线区域基站大范围检修，终端所属基站离线\');');
/*!40000 ALTER TABLE `ry_vue_zhrj_alarm_info` ENABLE KEYS */;
UNLOCK TABLES;

--
-- Table structure for table `ry_vue_zhrj_dept`
--

DROP TABLE IF EXISTS `ry_vue_zhrj_dept`;
/*!40101 SET @saved_cs_client     = @@character_set_client */;
/*!50503 SET character_set_client = utf8mb4 */;
CREATE TABLE `ry_vue_zhrj_dept` (
  `C1` text CHARACTER SET utf8mb4 COLLATE utf8mb4_0900_ai_ci
) ENGINE=InnoDB DEFAULT CHARSET=utf8mb4 COLLATE=utf8mb4_0900_ai_ci ROW_FORMAT=DYNAMIC;
/*!40101 SET character_set_client = @saved_cs_client */;

--
-- Dumping data for table `ry_vue_zhrj_dept`
--

LOCK TABLES `ry_vue_zhrj_dept` WRITE;
/*!40000 ALTER TABLE `ry_vue_zhrj_dept` DISABLE KEYS */;
INSERT INTO `ry_vue_zhrj_dept` VALUES ('create table zhrj_dept'),('('),('    dept_id   bigint auto_increment comment \'部门id\''),('        primary key,'),('    parent_id bigint       default 0  null comment \'父部门id\','),('    ancestors varchar(512) default \'\' null comment \'祖级列表\','),('    dept_name varchar(30)  default \'\' null comment \'部门名称\','),('    dept_no   varchar(128)            null comment \'部门编号\','),('    order_num int          default 0  null comment \'显示顺序\''),(')'),('    comment \'部门表\' collate = utf8mb4_general_ci;'),(NULL),('INSERT INTO `ry-vue`.zhrj_dept (dept_id, parent_id, ancestors, dept_name, dept_no, order_num) VALUES (100, 0, \'0\', \'总公司\', \'1000\', 0);'),('INSERT INTO `ry-vue`.zhrj_dept (dept_id, parent_id, ancestors, dept_name, dept_no, order_num) VALUES (101, 100, \'0,100\', \'分公司\', \'1001\', 1);'),('INSERT INTO `ry-vue`.zhrj_dept (dept_id, parent_id, ancestors, dept_name, dept_no, order_num) VALUES (102, 100, \'0,100\', \'长沙分公司\', \'1002\', 2);'),('INSERT INTO `ry-vue`.zhrj_dept (dept_id, parent_id, ancestors, dept_name, dept_no, order_num) VALUES (103, 101, \'0,100,101\', \'研发部门\', \'1003\', 1);'),('INSERT INTO `ry-vue`.zhrj_dept (dept_id, parent_id, ancestors, dept_name, dept_no, order_num) VALUES (104, 101, \'0,100,101\', \'市场部门\', \'1004\', 2);'),('INSERT INTO `ry-vue`.zhrj_dept (dept_id, parent_id, ancestors, dept_name, dept_no, order_num) VALUES (105, 101, \'0,100,101\', \'测试部门\', \'1005\', 3);'),('INSERT INTO `ry-vue`.zhrj_dept (dept_id, parent_id, ancestors, dept_name, dept_no, order_num) VALUES (106, 101, \'0,100,101\', \'财务部门\', \'1006\', 4);'),('INSERT INTO `ry-vue`.zhrj_dept (dept_id, parent_id, ancestors, dept_name, dept_no, order_num) VALUES (109, 102, \'0,100,102\', \'财务部门\', \'1009\', 1);'),('INSERT INTO `ry-vue`.zhrj_dept (dept_id, parent_id, ancestors, dept_name, dept_no, order_num) VALUES (110, 102, \'0,100,102\', \'开发部\', \'1010\', 2);');
/*!40000 ALTER TABLE `ry_vue_zhrj_dept` ENABLE KEYS */;
UNLOCK TABLES;

--
-- Table structure for table `ry_vue_zhrj_menu`
--

DROP TABLE IF EXISTS `ry_vue_zhrj_menu`;
/*!40101 SET @saved_cs_client     = @@character_set_client */;
/*!50503 SET character_set_client = utf8mb4 */;
CREATE TABLE `ry_vue_zhrj_menu` (
  `C1` text CHARACTER SET utf8mb4 COLLATE utf8mb4_0900_ai_ci
) ENGINE=InnoDB DEFAULT CHARSET=utf8mb4 COLLATE=utf8mb4_0900_ai_ci ROW_FORMAT=DYNAMIC;
/*!40101 SET character_set_client = @saved_cs_client */;

--
-- Dumping data for table `ry_vue_zhrj_menu`
--

LOCK TABLES `ry_vue_zhrj_menu` WRITE;
/*!40000 ALTER TABLE `ry_vue_zhrj_menu` DISABLE KEYS */;
INSERT INTO `ry_vue_zhrj_menu` VALUES ('create table zhrj_menu'),('('),('    menu_name        varchar(64) not null comment \'菜单名称\','),('    actual_value     int         not null comment \'实际值\','),('    display_value    varchar(64) null comment \'显示值\','),('    menu_description varchar(64) null comment \'菜单描述\','),('    primary key (menu_name, actual_value)'),(')'),('    comment \'菜单表\' collate = utf8mb4_general_ci;'),(NULL),('INSERT INTO `ry-vue`.zhrj_menu (menu_name, actual_value, display_value, menu_description) VALUES (\'cause_location\', 1, \'终端故障\', \'初步原因分析\');'),('INSERT INTO `ry-vue`.zhrj_menu (menu_name, actual_value, display_value, menu_description) VALUES (\'cause_location\', 2, \'基站故障\', \'初步原因分析\');'),('INSERT INTO `ry-vue`.zhrj_menu (menu_name, actual_value, display_value, menu_description) VALUES (\'cause_location\', 3, \'信号干扰\', \'初步原因分析\');'),('INSERT INTO `ry-vue`.zhrj_menu (menu_name, actual_value, display_value, menu_description) VALUES (\'event_status\', 1, \'已确认\', \'事件状态\');'),('INSERT INTO `ry-vue`.zhrj_menu (menu_name, actual_value, display_value, menu_description) VALUES (\'event_status\', 2, \'未确认\', \'事件状态\');'),('INSERT INTO `ry-vue`.zhrj_menu (menu_name, actual_value, display_value, menu_description) VALUES (\'event_type\', 1, \'终端在线率突降\', \'事件类型\');'),('INSERT INTO `ry-vue`.zhrj_menu (menu_name, actual_value, display_value, menu_description) VALUES (\'event_type\', 2, \'终端大面积离线\', \'事件类型\');'),('INSERT INTO `ry-vue`.zhrj_menu (menu_name, actual_value, display_value, menu_description) VALUES (\'event_type\', 3, \'终端频繁投退\', \'事件类型\');'),('INSERT INTO `ry-vue`.zhrj_menu (menu_name, actual_value, display_value, menu_description) VALUES (\'event_type\', 4, \'遥控失败\', \'事件类型\');'),('INSERT INTO `ry-vue`.zhrj_menu (menu_name, actual_value, display_value, menu_description) VALUES (\'is_overhual\', 0, \'否\', \'基站是否检修\');'),('INSERT INTO `ry-vue`.zhrj_menu (menu_name, actual_value, display_value, menu_description) VALUES (\'is_overhual\', 1, \'是\', \'基站是否检修\');'),('INSERT INTO `ry-vue`.zhrj_menu (menu_name, actual_value, display_value, menu_description) VALUES (\'terminal_status\', 0, \'离线\', \'终端状态\');'),('INSERT INTO `ry-vue`.zhrj_menu (menu_name, actual_value, display_value, menu_description) VALUES (\'terminal_status\', 1, \'在线\', \'终端状态\');');
/*!40000 ALTER TABLE `ry_vue_zhrj_menu` ENABLE KEYS */;
UNLOCK TABLES;

--
-- Table structure for table `sys_config`
--

DROP TABLE IF EXISTS `sys_config`;
/*!40101 SET @saved_cs_client     = @@character_set_client */;
/*!50503 SET character_set_client = utf8mb4 */;
CREATE TABLE `sys_config` (
  `config_id` int NOT NULL AUTO_INCREMENT COMMENT '参数主键',
  `config_name` varchar(100) CHARACTER SET utf8mb4 COLLATE utf8mb4_0900_ai_ci DEFAULT '' COMMENT '参数名称',
  `config_key` varchar(100) CHARACTER SET utf8mb4 COLLATE utf8mb4_0900_ai_ci DEFAULT '' COMMENT '参数键名',
  `config_value` varchar(500) CHARACTER SET utf8mb4 COLLATE utf8mb4_0900_ai_ci DEFAULT '' COMMENT '参数键值',
  `config_type` char(1) CHARACTER SET utf8mb4 COLLATE utf8mb4_0900_ai_ci DEFAULT 'N' COMMENT '系统内置（Y是 N否）',
  `create_by` varchar(64) CHARACTER SET utf8mb4 COLLATE utf8mb4_0900_ai_ci DEFAULT '' COMMENT '创建者',
  `create_time` datetime DEFAULT NULL COMMENT '创建时间',
  `update_by` varchar(64) CHARACTER SET utf8mb4 COLLATE utf8mb4_0900_ai_ci DEFAULT '' COMMENT '更新者',
  `update_time` datetime DEFAULT NULL COMMENT '更新时间',
  `remark` varchar(500) CHARACTER SET utf8mb4 COLLATE utf8mb4_0900_ai_ci DEFAULT NULL COMMENT '备注',
  PRIMARY KEY (`config_id`) USING BTREE
) ENGINE=InnoDB AUTO_INCREMENT=100 DEFAULT CHARSET=utf8mb4 COLLATE=utf8mb4_0900_ai_ci ROW_FORMAT=DYNAMIC COMMENT='参数配置表';
/*!40101 SET character_set_client = @saved_cs_client */;

--
-- Dumping data for table `sys_config`
--

LOCK TABLES `sys_config` WRITE;
/*!40000 ALTER TABLE `sys_config` DISABLE KEYS */;
INSERT INTO `sys_config` VALUES (1,'主框架页-默认皮肤样式名称','sys.index.skinName','skin-blue','Y','admin','2023-12-26 20:25:08','',NULL,'蓝色 skin-blue、绿色 skin-green、紫色 skin-purple、红色 skin-red、黄色 skin-yellow'),(2,'用户管理-账号初始密码','sys.user.initPassword','123456','Y','admin','2023-12-26 20:25:08','',NULL,'初始化密码 123456'),(3,'主框架页-侧边栏主题','sys.index.sideTheme','theme-dark','Y','admin','2023-12-26 20:25:09','',NULL,'深色主题theme-dark，浅色主题theme-light'),(4,'账号自助-验证码开关','sys.account.captchaEnabled','true','Y','admin','2023-12-26 20:25:09','',NULL,'是否开启验证码功能（true开启，false关闭）'),(5,'账号自助-是否开启用户注册功能','sys.account.registerUser','false','Y','admin','2023-12-26 20:25:10','',NULL,'是否开启注册用户功能（true开启，false关闭）'),(6,'用户登录-黑名单列表','sys.login.blackIPList','','Y','admin','2023-12-26 20:25:11','',NULL,'设置登录IP黑名单限制，多个匹配项以;分隔，支持匹配（*通配、网段）');
/*!40000 ALTER TABLE `sys_config` ENABLE KEYS */;
UNLOCK TABLES;

--
-- Table structure for table `sys_dept`
--

DROP TABLE IF EXISTS `sys_dept`;
/*!40101 SET @saved_cs_client     = @@character_set_client */;
/*!50503 SET character_set_client = utf8mb4 */;
CREATE TABLE `sys_dept` (
  `dept_id` bigint NOT NULL AUTO_INCREMENT COMMENT '部门id',
  `parent_id` bigint DEFAULT '0' COMMENT '父部门id',
  `ancestors` varchar(50) CHARACTER SET utf8mb4 COLLATE utf8mb4_0900_ai_ci DEFAULT '' COMMENT '祖级列表',
  `dept_name` varchar(30) CHARACTER SET utf8mb4 COLLATE utf8mb4_0900_ai_ci DEFAULT '' COMMENT '部门名称',
  `order_num` int DEFAULT '0' COMMENT '显示顺序',
  `leader` varchar(20) CHARACTER SET utf8mb4 COLLATE utf8mb4_0900_ai_ci DEFAULT NULL COMMENT '负责人',
  `phone` varchar(11) CHARACTER SET utf8mb4 COLLATE utf8mb4_0900_ai_ci DEFAULT NULL COMMENT '联系电话',
  `email` varchar(50) CHARACTER SET utf8mb4 COLLATE utf8mb4_0900_ai_ci DEFAULT NULL COMMENT '邮箱',
  `status` char(1) CHARACTER SET utf8mb4 COLLATE utf8mb4_0900_ai_ci DEFAULT '0' COMMENT '部门状态（0正常 1停用）',
  `del_flag` char(1) CHARACTER SET utf8mb4 COLLATE utf8mb4_0900_ai_ci DEFAULT '0' COMMENT '删除标志（0代表存在 2代表删除）',
  `create_by` varchar(64) CHARACTER SET utf8mb4 COLLATE utf8mb4_0900_ai_ci DEFAULT '' COMMENT '创建者',
  `create_time` datetime DEFAULT NULL COMMENT '创建时间',
  `update_by` varchar(64) CHARACTER SET utf8mb4 COLLATE utf8mb4_0900_ai_ci DEFAULT '' COMMENT '更新者',
  `update_time` datetime DEFAULT NULL COMMENT '更新时间',
  PRIMARY KEY (`dept_id`) USING BTREE
) ENGINE=InnoDB AUTO_INCREMENT=200 DEFAULT CHARSET=utf8mb4 COLLATE=utf8mb4_0900_ai_ci ROW_FORMAT=DYNAMIC COMMENT='部门表';
/*!40101 SET character_set_client = @saved_cs_client */;

--
-- Dumping data for table `sys_dept`
--

LOCK TABLES `sys_dept` WRITE;
/*!40000 ALTER TABLE `sys_dept` DISABLE KEYS */;
INSERT INTO `sys_dept` VALUES (100,0,'0','若依科技',0,'若依','15888888888','ry@qq.com','0','0','admin','2023-12-26 20:21:28','',NULL),(101,100,'0,100','深圳总公司',1,'若依','15888888888','ry@qq.com','0','0','admin','2023-12-26 20:21:28','',NULL),(102,100,'0,100','长沙分公司',2,'若依','15888888888','ry@qq.com','0','0','admin','2023-12-26 20:21:29','',NULL),(103,101,'0,100,101','研发部门',1,'若依','15888888888','ry@qq.com','0','0','admin','2023-12-26 20:21:30','',NULL),(104,101,'0,100,101','市场部门',2,'若依','15888888888','ry@qq.com','0','0','admin','2023-12-26 20:21:30','',NULL),(105,101,'0,100,101','测试部门',3,'若依','15888888888','ry@qq.com','0','0','admin','2023-12-26 20:21:31','',NULL),(106,101,'0,100,101','财务部门',4,'若依','15888888888','ry@qq.com','0','0','admin','2023-12-26 20:21:31','',NULL),(107,101,'0,100,101','运维部门',5,'若依','15888888888','ry@qq.com','0','0','admin','2023-12-26 20:21:32','',NULL),(108,102,'0,100,102','市场部门',1,'若依','15888888888','ry@qq.com','0','0','admin','2023-12-26 20:21:32','',NULL),(109,102,'0,100,102','财务部门',2,'若依','15888888888','ry@qq.com','0','0','admin','2023-12-26 20:21:33','',NULL);
/*!40000 ALTER TABLE `sys_dept` ENABLE KEYS */;
UNLOCK TABLES;

--
-- Table structure for table `sys_dict_data`
--

DROP TABLE IF EXISTS `sys_dict_data`;
/*!40101 SET @saved_cs_client     = @@character_set_client */;
/*!50503 SET character_set_client = utf8mb4 */;
CREATE TABLE `sys_dict_data` (
  `dict_code` bigint NOT NULL AUTO_INCREMENT COMMENT '字典编码',
  `dict_sort` int DEFAULT '0' COMMENT '字典排序',
  `dict_label` varchar(100) CHARACTER SET utf8mb4 COLLATE utf8mb4_0900_ai_ci DEFAULT '' COMMENT '字典标签',
  `dict_value` varchar(100) CHARACTER SET utf8mb4 COLLATE utf8mb4_0900_ai_ci DEFAULT '' COMMENT '字典键值',
  `dict_type` varchar(100) CHARACTER SET utf8mb4 COLLATE utf8mb4_0900_ai_ci DEFAULT '' COMMENT '字典类型',
  `css_class` varchar(100) CHARACTER SET utf8mb4 COLLATE utf8mb4_0900_ai_ci DEFAULT NULL COMMENT '样式属性（其他样式扩展）',
  `list_class` varchar(100) CHARACTER SET utf8mb4 COLLATE utf8mb4_0900_ai_ci DEFAULT NULL COMMENT '表格回显样式',
  `is_default` char(1) CHARACTER SET utf8mb4 COLLATE utf8mb4_0900_ai_ci DEFAULT 'N' COMMENT '是否默认（Y是 N否）',
  `status` char(1) CHARACTER SET utf8mb4 COLLATE utf8mb4_0900_ai_ci DEFAULT '0' COMMENT '状态（0正常 1停用）',
  `create_by` varchar(64) CHARACTER SET utf8mb4 COLLATE utf8mb4_0900_ai_ci DEFAULT '' COMMENT '创建者',
  `create_time` datetime DEFAULT NULL COMMENT '创建时间',
  `update_by` varchar(64) CHARACTER SET utf8mb4 COLLATE utf8mb4_0900_ai_ci DEFAULT '' COMMENT '更新者',
  `update_time` datetime DEFAULT NULL COMMENT '更新时间',
  `remark` varchar(500) CHARACTER SET utf8mb4 COLLATE utf8mb4_0900_ai_ci DEFAULT NULL COMMENT '备注',
  PRIMARY KEY (`dict_code`) USING BTREE
) ENGINE=InnoDB AUTO_INCREMENT=100 DEFAULT CHARSET=utf8mb4 COLLATE=utf8mb4_0900_ai_ci ROW_FORMAT=DYNAMIC COMMENT='字典数据表';
/*!40101 SET character_set_client = @saved_cs_client */;

--
-- Dumping data for table `sys_dict_data`
--

LOCK TABLES `sys_dict_data` WRITE;
/*!40000 ALTER TABLE `sys_dict_data` DISABLE KEYS */;
INSERT INTO `sys_dict_data` VALUES (1,1,'男','0','sys_user_sex','','','Y','0','admin','2023-12-26 20:24:40','',NULL,'性别男'),(2,2,'女','1','sys_user_sex','','','N','0','admin','2023-12-26 20:24:41','',NULL,'性别女'),(3,3,'未知','2','sys_user_sex','','','N','0','admin','2023-12-26 20:24:41','',NULL,'性别未知'),(4,1,'显示','0','sys_show_hide','','primary','Y','0','admin','2023-12-26 20:24:42','',NULL,'显示菜单'),(5,2,'隐藏','1','sys_show_hide','','danger','N','0','admin','2023-12-26 20:24:42','',NULL,'隐藏菜单'),(6,1,'正常','0','sys_normal_disable','','primary','Y','0','admin','2023-12-26 20:24:43','',NULL,'正常状态'),(7,2,'停用','1','sys_normal_disable','','danger','N','0','admin','2023-12-26 20:24:44','',NULL,'停用状态'),(8,1,'正常','0','sys_job_status','','primary','Y','0','admin','2023-12-26 20:24:45','',NULL,'正常状态'),(9,2,'暂停','1','sys_job_status','','danger','N','0','admin','2023-12-26 20:24:45','',NULL,'停用状态'),(10,1,'默认','DEFAULT','sys_job_group','','','Y','0','admin','2023-12-26 20:24:46','',NULL,'默认分组'),(11,2,'系统','SYSTEM','sys_job_group','','','N','0','admin','2023-12-26 20:24:46','',NULL,'系统分组'),(12,1,'是','Y','sys_yes_no','','primary','Y','0','admin','2023-12-26 20:24:47','',NULL,'系统默认是'),(13,2,'否','N','sys_yes_no','','danger','N','0','admin','2023-12-26 20:24:48','',NULL,'系统默认否'),(14,1,'通知','1','sys_notice_type','','warning','Y','0','admin','2023-12-26 20:24:48','',NULL,'通知'),(15,2,'公告','2','sys_notice_type','','success','N','0','admin','2023-12-26 20:24:49','',NULL,'公告'),(16,1,'正常','0','sys_notice_status','','primary','Y','0','admin','2023-12-26 20:24:50','',NULL,'正常状态'),(17,2,'关闭','1','sys_notice_status','','danger','N','0','admin','2023-12-26 20:24:50','',NULL,'关闭状态'),(18,99,'其他','0','sys_oper_type','','info','N','0','admin','2023-12-26 20:24:51','',NULL,'其他操作'),(19,1,'新增','1','sys_oper_type','','info','N','0','admin','2023-12-26 20:24:53','',NULL,'新增操作'),(20,2,'修改','2','sys_oper_type','','info','N','0','admin','2023-12-26 20:24:53','',NULL,'修改操作'),(21,3,'删除','3','sys_oper_type','','danger','N','0','admin','2023-12-26 20:24:54','',NULL,'删除操作'),(22,4,'授权','4','sys_oper_type','','primary','N','0','admin','2023-12-26 20:24:54','',NULL,'授权操作'),(23,5,'导出','5','sys_oper_type','','warning','N','0','admin','2023-12-26 20:24:55','',NULL,'导出操作'),(24,6,'导入','6','sys_oper_type','','warning','N','0','admin','2023-12-26 20:24:56','',NULL,'导入操作'),(25,7,'强退','7','sys_oper_type','','danger','N','0','admin','2023-12-26 20:24:56','',NULL,'强退操作'),(26,8,'生成代码','8','sys_oper_type','','warning','N','0','admin','2023-12-26 20:24:57','',NULL,'生成操作'),(27,9,'清空数据','9','sys_oper_type','','danger','N','0','admin','2023-12-26 20:25:01','',NULL,'清空操作'),(28,1,'成功','0','sys_common_status','','primary','N','0','admin','2023-12-26 20:25:03','',NULL,'正常状态'),(29,2,'失败','1','sys_common_status','','danger','N','0','admin','2023-12-26 20:25:04','',NULL,'停用状态');
/*!40000 ALTER TABLE `sys_dict_data` ENABLE KEYS */;
UNLOCK TABLES;

--
-- Table structure for table `sys_dict_type`
--

DROP TABLE IF EXISTS `sys_dict_type`;
/*!40101 SET @saved_cs_client     = @@character_set_client */;
/*!50503 SET character_set_client = utf8mb4 */;
CREATE TABLE `sys_dict_type` (
  `dict_id` bigint NOT NULL AUTO_INCREMENT COMMENT '字典主键',
  `dict_name` varchar(100) CHARACTER SET utf8mb4 COLLATE utf8mb4_0900_ai_ci DEFAULT '' COMMENT '字典名称',
  `dict_type` varchar(100) CHARACTER SET utf8mb4 COLLATE utf8mb4_0900_ai_ci DEFAULT '' COMMENT '字典类型',
  `status` char(1) CHARACTER SET utf8mb4 COLLATE utf8mb4_0900_ai_ci DEFAULT '0' COMMENT '状态（0正常 1停用）',
  `create_by` varchar(64) CHARACTER SET utf8mb4 COLLATE utf8mb4_0900_ai_ci DEFAULT '' COMMENT '创建者',
  `create_time` datetime DEFAULT NULL COMMENT '创建时间',
  `update_by` varchar(64) CHARACTER SET utf8mb4 COLLATE utf8mb4_0900_ai_ci DEFAULT '' COMMENT '更新者',
  `update_time` datetime DEFAULT NULL COMMENT '更新时间',
  `remark` varchar(500) CHARACTER SET utf8mb4 COLLATE utf8mb4_0900_ai_ci DEFAULT NULL COMMENT '备注',
  PRIMARY KEY (`dict_id`) USING BTREE,
  UNIQUE KEY `dict_type` (`dict_type`) USING BTREE
) ENGINE=InnoDB AUTO_INCREMENT=100 DEFAULT CHARSET=utf8mb4 COLLATE=utf8mb4_0900_ai_ci ROW_FORMAT=DYNAMIC COMMENT='字典类型表';
/*!40101 SET character_set_client = @saved_cs_client */;

--
-- Dumping data for table `sys_dict_type`
--

LOCK TABLES `sys_dict_type` WRITE;
/*!40000 ALTER TABLE `sys_dict_type` DISABLE KEYS */;
INSERT INTO `sys_dict_type` VALUES (1,'用户性别','sys_user_sex','0','admin','2023-12-26 20:24:31','',NULL,'用户性别列表'),(2,'菜单状态','sys_show_hide','0','admin','2023-12-26 20:24:32','',NULL,'菜单状态列表'),(3,'系统开关','sys_normal_disable','0','admin','2023-12-26 20:24:33','',NULL,'系统开关列表'),(4,'任务状态','sys_job_status','0','admin','2023-12-26 20:24:33','',NULL,'任务状态列表'),(5,'任务分组','sys_job_group','0','admin','2023-12-26 20:24:34','',NULL,'任务分组列表'),(6,'系统是否','sys_yes_no','0','admin','2023-12-26 20:24:34','',NULL,'系统是否列表'),(7,'通知类型','sys_notice_type','0','admin','2023-12-26 20:24:35','',NULL,'通知类型列表'),(8,'通知状态','sys_notice_status','0','admin','2023-12-26 20:24:35','',NULL,'通知状态列表'),(9,'操作类型','sys_oper_type','0','admin','2023-12-26 20:24:36','',NULL,'操作类型列表'),(10,'系统状态','sys_common_status','0','admin','2023-12-26 20:24:36','',NULL,'登录状态列表');
/*!40000 ALTER TABLE `sys_dict_type` ENABLE KEYS */;
UNLOCK TABLES;

--
-- Table structure for table `sys_job`
--

DROP TABLE IF EXISTS `sys_job`;
/*!40101 SET @saved_cs_client     = @@character_set_client */;
/*!50503 SET character_set_client = utf8mb4 */;
CREATE TABLE `sys_job` (
  `job_id` bigint NOT NULL AUTO_INCREMENT COMMENT '任务ID',
  `job_name` varchar(64) CHARACTER SET utf8mb4 COLLATE utf8mb4_0900_ai_ci NOT NULL DEFAULT '' COMMENT '任务名称',
  `job_group` varchar(64) CHARACTER SET utf8mb4 COLLATE utf8mb4_0900_ai_ci NOT NULL DEFAULT 'DEFAULT' COMMENT '任务组名',
  `invoke_target` varchar(500) CHARACTER SET utf8mb4 COLLATE utf8mb4_0900_ai_ci NOT NULL COMMENT '调用目标字符串',
  `cron_expression` varchar(255) CHARACTER SET utf8mb4 COLLATE utf8mb4_0900_ai_ci DEFAULT '' COMMENT 'cron执行表达式',
  `misfire_policy` varchar(20) CHARACTER SET utf8mb4 COLLATE utf8mb4_0900_ai_ci DEFAULT '3' COMMENT '计划执行错误策略（1立即执行 2执行一次 3放弃执行）',
  `concurrent` char(1) CHARACTER SET utf8mb4 COLLATE utf8mb4_0900_ai_ci DEFAULT '1' COMMENT '是否并发执行（0允许 1禁止）',
  `status` char(1) CHARACTER SET utf8mb4 COLLATE utf8mb4_0900_ai_ci DEFAULT '0' COMMENT '状态（0正常 1暂停）',
  `create_by` varchar(64) CHARACTER SET utf8mb4 COLLATE utf8mb4_0900_ai_ci DEFAULT '' COMMENT '创建者',
  `create_time` datetime DEFAULT NULL COMMENT '创建时间',
  `update_by` varchar(64) CHARACTER SET utf8mb4 COLLATE utf8mb4_0900_ai_ci DEFAULT '' COMMENT '更新者',
  `update_time` datetime DEFAULT NULL COMMENT '更新时间',
  `remark` varchar(500) CHARACTER SET utf8mb4 COLLATE utf8mb4_0900_ai_ci DEFAULT '' COMMENT '备注信息',
  PRIMARY KEY (`job_id`,`job_name`,`job_group`) USING BTREE
) ENGINE=InnoDB AUTO_INCREMENT=100 DEFAULT CHARSET=utf8mb4 COLLATE=utf8mb4_0900_ai_ci ROW_FORMAT=DYNAMIC COMMENT='定时任务调度表';
/*!40101 SET character_set_client = @saved_cs_client */;

--
-- Dumping data for table `sys_job`
--

LOCK TABLES `sys_job` WRITE;
/*!40000 ALTER TABLE `sys_job` DISABLE KEYS */;
INSERT INTO `sys_job` VALUES (1,'系统默认（无参）','DEFAULT','ryTask.ryNoParams','0/10 * * * * ?','3','1','1','admin','2023-12-26 20:25:21','',NULL,''),(2,'系统默认（有参）','DEFAULT','ryTask.ryParams(\'ry\')','0/15 * * * * ?','3','1','1','admin','2023-12-26 20:25:31','',NULL,''),(3,'系统默认（多参）','DEFAULT','ryTask.ryMultipleParams(\'ry\', true, 2000L, 316.50D, 100)','0/20 * * * * ?','3','1','1','admin','2023-12-26 20:25:38','',NULL,'');
/*!40000 ALTER TABLE `sys_job` ENABLE KEYS */;
UNLOCK TABLES;

--
-- Table structure for table `sys_job_log`
--

DROP TABLE IF EXISTS `sys_job_log`;
/*!40101 SET @saved_cs_client     = @@character_set_client */;
/*!50503 SET character_set_client = utf8mb4 */;
CREATE TABLE `sys_job_log` (
  `job_log_id` bigint NOT NULL AUTO_INCREMENT COMMENT '任务日志ID',
  `job_name` varchar(64) CHARACTER SET utf8mb4 COLLATE utf8mb4_0900_ai_ci NOT NULL COMMENT '任务名称',
  `job_group` varchar(64) CHARACTER SET utf8mb4 COLLATE utf8mb4_0900_ai_ci NOT NULL COMMENT '任务组名',
  `invoke_target` varchar(500) CHARACTER SET utf8mb4 COLLATE utf8mb4_0900_ai_ci NOT NULL COMMENT '调用目标字符串',
  `job_message` varchar(500) CHARACTER SET utf8mb4 COLLATE utf8mb4_0900_ai_ci DEFAULT NULL COMMENT '日志信息',
  `status` char(1) CHARACTER SET utf8mb4 COLLATE utf8mb4_0900_ai_ci DEFAULT '0' COMMENT '执行状态（0正常 1失败）',
  `exception_info` varchar(2000) CHARACTER SET utf8mb4 COLLATE utf8mb4_0900_ai_ci DEFAULT '' COMMENT '异常信息',
  `create_time` datetime DEFAULT NULL COMMENT '创建时间',
  PRIMARY KEY (`job_log_id`) USING BTREE
) ENGINE=InnoDB DEFAULT CHARSET=utf8mb4 COLLATE=utf8mb4_0900_ai_ci ROW_FORMAT=DYNAMIC COMMENT='定时任务调度日志表';
/*!40101 SET character_set_client = @saved_cs_client */;

--
-- Dumping data for table `sys_job_log`
--

LOCK TABLES `sys_job_log` WRITE;
/*!40000 ALTER TABLE `sys_job_log` DISABLE KEYS */;
/*!40000 ALTER TABLE `sys_job_log` ENABLE KEYS */;
UNLOCK TABLES;

--
-- Table structure for table `sys_logininfor`
--

DROP TABLE IF EXISTS `sys_logininfor`;
/*!40101 SET @saved_cs_client     = @@character_set_client */;
/*!50503 SET character_set_client = utf8mb4 */;
CREATE TABLE `sys_logininfor` (
  `info_id` bigint NOT NULL AUTO_INCREMENT COMMENT '访问ID',
  `user_name` varchar(50) CHARACTER SET utf8mb4 COLLATE utf8mb4_0900_ai_ci DEFAULT '' COMMENT '用户账号',
  `ipaddr` varchar(128) CHARACTER SET utf8mb4 COLLATE utf8mb4_0900_ai_ci DEFAULT '' COMMENT '登录IP地址',
  `login_location` varchar(255) CHARACTER SET utf8mb4 COLLATE utf8mb4_0900_ai_ci DEFAULT '' COMMENT '登录地点',
  `browser` varchar(50) CHARACTER SET utf8mb4 COLLATE utf8mb4_0900_ai_ci DEFAULT '' COMMENT '浏览器类型',
  `os` varchar(50) CHARACTER SET utf8mb4 COLLATE utf8mb4_0900_ai_ci DEFAULT '' COMMENT '操作系统',
  `status` char(1) CHARACTER SET utf8mb4 COLLATE utf8mb4_0900_ai_ci DEFAULT '0' COMMENT '登录状态（0成功 1失败）',
  `msg` varchar(255) CHARACTER SET utf8mb4 COLLATE utf8mb4_0900_ai_ci DEFAULT '' COMMENT '提示消息',
  `login_time` datetime DEFAULT NULL COMMENT '访问时间',
  PRIMARY KEY (`info_id`) USING BTREE,
  KEY `idx_sys_logininfor_s` (`status`) USING BTREE,
  KEY `idx_sys_logininfor_lt` (`login_time`) USING BTREE
) ENGINE=InnoDB AUTO_INCREMENT=690 DEFAULT CHARSET=utf8mb4 COLLATE=utf8mb4_0900_ai_ci ROW_FORMAT=DYNAMIC COMMENT='系统访问记录';
/*!40101 SET character_set_client = @saved_cs_client */;

--
-- Dumping data for table `sys_logininfor`
--

LOCK TABLES `sys_logininfor` WRITE;
/*!40000 ALTER TABLE `sys_logininfor` DISABLE KEYS */;
INSERT INTO `sys_logininfor` VALUES (100,'admin','127.0.0.1','内网IP','Chrome 12','Windows 10','0','登录成功','2023-12-27 20:59:25'),(101,'admin','127.0.0.1','内网IP','Chrome 12','Windows 10','1','验证码错误','2023-12-27 21:11:38'),(102,'admin','127.0.0.1','内网IP','Chrome 12','Windows 10','0','登录成功','2023-12-27 21:11:44'),(103,'admin','127.0.0.1','内网IP','Chrome 12','Windows 10','0','登录成功','2023-12-28 19:56:36'),(104,'admin','127.0.0.1','内网IP','Chrome 12','Windows 10','0','登录成功','2023-12-28 21:25:32'),(105,'admin','127.0.0.1','内网IP','Chrome 12','Windows 10','0','登录成功','2023-12-31 15:28:39'),(106,'admin','127.0.0.1','内网IP','Chrome 12','Windows 10','0','登录成功','2023-12-31 16:15:03'),(107,'admin','127.0.0.1','内网IP','Chrome 12','Windows 10','0','登录成功','2023-12-31 17:35:18'),(108,'admin','127.0.0.1','内网IP','Chrome 12','Windows 10','0','登录成功','2023-12-31 18:12:01'),(109,'ry','127.0.0.1','内网IP','Chrome 12','Windows 10','0','登录成功','2023-12-31 18:21:23'),(110,'admin','127.0.0.1','内网IP','Chrome 12','Windows 10','0','登录成功','2023-12-31 19:36:52'),(111,'admin','127.0.0.1','内网IP','Chrome 12','Windows 10','0','登录成功','2024-01-01 17:02:02'),(112,'admin','127.0.0.1','内网IP','Chrome 12','Windows 10','0','登录成功','2024-01-03 14:29:43'),(113,'admin','127.0.0.1','内网IP','Chrome 12','Windows 10','0','登录成功','2024-01-03 16:53:02'),(114,'admin','127.0.0.1','内网IP','Chrome 12','Windows 10','0','登录成功','2024-01-03 19:18:49'),(115,'admin','127.0.0.1','内网IP','Chrome 12','Windows 10','0','登录成功','2024-01-03 21:36:54'),(116,'admin','127.0.0.1','内网IP','Chrome 12','Windows 10','0','登录成功','2024-01-04 09:03:40'),(117,'admin','127.0.0.1','内网IP','Chrome 12','Windows 10','0','登录成功','2024-01-04 09:38:21'),(118,'admin','127.0.0.1','内网IP','Chrome 12','Windows 10','0','登录成功','2024-01-04 10:03:22'),(119,'admin','127.0.0.1','内网IP','Chrome 12','Windows 10','0','退出成功','2024-01-04 10:04:41'),(120,'ruoyi','127.0.0.1','内网IP','Chrome 12','Windows 10','1','用户不存在/密码错误','2024-01-04 10:04:49'),(121,'ry','127.0.0.1','内网IP','Chrome 12','Windows 10','0','登录成功','2024-01-04 10:04:56'),(122,'ry','127.0.0.1','内网IP','Chrome 12','Windows 10','0','退出成功','2024-01-04 10:21:20'),(123,'ry','127.0.0.1','内网IP','Chrome 12','Windows 10','0','退出成功','2024-01-04 10:21:20'),(124,'ry','127.0.0.1','内网IP','Chrome 12','Windows 10','0','退出成功','2024-01-04 10:21:21'),(125,'admin','127.0.0.1','内网IP','Chrome 12','Windows 10','0','登录成功','2024-01-04 10:21:32'),(126,'admin','127.0.0.1','内网IP','Chrome 12','Windows 10','0','登录成功','2024-01-04 19:58:03'),(127,'admin','127.0.0.1','内网IP','Chrome 12','Windows 10','0','退出成功','2024-01-04 21:13:17'),(128,'ry','127.0.0.1','内网IP','Chrome 12','Windows 10','0','登录成功','2024-01-04 21:13:27'),(129,'ry','127.0.0.1','内网IP','Chrome 12','Windows 10','0','退出成功','2024-01-04 21:14:09'),(130,'admin','127.0.0.1','内网IP','Chrome 12','Windows 10','0','登录成功','2024-01-04 21:14:13'),(131,'admin','127.0.0.1','内网IP','Chrome 12','Windows 10','0','登录成功','2024-01-04 21:26:29'),(132,'admin','127.0.0.1','内网IP','Chrome 12','Windows 10','0','登录成功','2024-01-04 21:26:32'),(133,'admin','127.0.0.1','内网IP','Chrome 12','Windows 10','0','退出成功','2024-01-04 21:26:41'),(134,'ry','127.0.0.1','内网IP','Chrome 12','Windows 10','0','登录成功','2024-01-04 21:26:48'),(135,'ry','127.0.0.1','内网IP','Chrome 12','Windows 10','0','退出成功','2024-01-04 21:29:41'),(136,'admin','127.0.0.1','内网IP','Chrome 12','Windows 10','1','验证码错误','2024-01-04 21:29:47'),(137,'admin','127.0.0.1','内网IP','Chrome 12','Windows 10','0','登录成功','2024-01-04 21:29:51'),(138,'admin','127.0.0.1','内网IP','Chrome 12','Windows 10','0','登录成功','2024-01-05 09:12:35'),(139,'admin','127.0.0.1','内网IP','Chrome 12','Windows 10','0','退出成功','2024-01-05 09:41:03'),(140,'admin','127.0.0.1','内网IP','Chrome 12','Windows 10','0','登录成功','2024-01-05 09:41:08'),(141,'admin','127.0.0.1','内网IP','Chrome 12','Windows 10','0','退出成功','2024-01-05 09:41:13'),(142,'ry','127.0.0.1','内网IP','Chrome 12','Windows 10','0','登录成功','2024-01-05 09:41:20'),(143,'admin','114.251.223.253','XX XX','Chrome 12','Windows 10','0','登录成功','2024-01-05 16:29:10'),(144,'ry','114.251.223.253','XX XX','Chrome 12','Windows 10','0','登录成功','2024-01-05 16:29:35'),(145,'admin','124.128.34.82','XX XX','Chrome 10','Windows 10','0','登录成功','2024-01-05 16:39:19'),(146,'ry','114.251.223.253','XX XX','Chrome 12','Windows 10','0','登录成功','2024-01-05 16:42:08'),(147,'ry','114.251.223.253','XX XX','Chrome 12','Windows 10','0','退出成功','2024-01-05 16:42:08'),(148,'ry','114.251.223.253','XX XX','Chrome 12','Windows 10','0','登录成功','2024-01-05 16:42:19'),(149,'admin','124.128.34.82','XX XX','Chrome 12','Windows 10','0','登录成功','2024-01-05 16:42:31'),(150,'admin','124.128.34.82','XX XX','Chrome 12','Windows 10','0','登录成功','2024-01-05 16:44:43'),(151,'admin','114.251.223.253','XX XX','Chrome 12','Windows 10','0','登录成功','2024-01-05 16:45:26'),(152,'admin','124.128.34.82','XX XX','Chrome 12','Windows 10','0','退出成功','2024-01-05 16:48:28'),(153,'wgl','124.128.34.82','XX XX','Chrome 12','Windows 10','0','登录成功','2024-01-05 16:48:36'),(154,'admin','124.127.16.214','XX XX','Chrome Mobile','Android 1.x','0','登录成功','2024-01-05 16:54:55'),(155,'admin','124.127.16.214','XX XX','Chrome 12','Windows 10','0','登录成功','2024-01-05 17:04:37'),(156,'wgl','124.128.34.82','XX XX','Chrome 12','Windows 10','1','密码输入错误1次','2024-01-05 17:05:37'),(157,'wgl','124.128.34.82','XX XX','Chrome 12','Windows 10','1','用户不存在/密码错误','2024-01-05 17:05:37'),(158,'wgl','124.128.34.82','XX XX','Chrome 12','Windows 10','1','验证码错误','2024-01-05 17:05:55'),(159,'wgl','124.128.34.82','XX XX','Chrome 12','Windows 10','0','登录成功','2024-01-05 17:06:00'),(160,'admin','119.164.130.114','XX XX','Chrome 10','Windows 10','0','登录成功','2024-01-05 17:09:59'),(161,'admin','124.128.34.82','XX XX','Chrome 12','Windows 10','0','登录成功','2024-01-05 17:10:53'),(162,'gqc','119.164.130.114','XX XX','Chrome 12','Windows 10','0','登录成功','2024-01-05 17:11:52'),(163,'gqc','124.127.16.214','XX XX','Chrome 12','Windows 10','0','登录成功','2024-01-05 17:13:06'),(164,'gqc','124.127.16.214','XX XX','Chrome 12','Windows 10','0','退出成功','2024-01-05 17:19:16'),(165,'ry','124.127.16.214','XX XX','Chrome 12','Windows 10','0','登录成功','2024-01-05 17:19:49'),(166,'wgl','223.96.179.192','XX XX','Chrome 11','Windows 10','1','验证码错误','2024-01-05 17:26:10'),(167,'wgl','223.96.179.192','XX XX','Chrome 11','Windows 10','0','登录成功','2024-01-05 17:26:17'),(168,'ry','124.127.16.214','XX XX','Chrome 12','Windows 10','0','退出成功','2024-01-05 17:32:00'),(169,'admin','127.0.0.1','内网IP','Chrome 12','Windows 10','0','登录成功','2024-01-06 11:23:40'),(170,'admin','127.0.0.1','内网IP','Chrome 12','Windows 10','0','退出成功','2024-01-06 11:44:24'),(171,'ry','127.0.0.1','内网IP','Chrome 12','Windows 10','1','密码输入错误1次','2024-01-06 11:44:33'),(172,'ry','127.0.0.1','内网IP','Chrome 12','Windows 10','1','用户不存在/密码错误','2024-01-06 11:44:33'),(173,'ry','127.0.0.1','内网IP','Chrome 12','Windows 10','0','登录成功','2024-01-06 11:44:43'),(174,'ry','127.0.0.1','内网IP','Chrome 12','Windows 10','0','退出成功','2024-01-06 11:53:56'),(175,'ry','127.0.0.1','内网IP','Chrome 12','Windows 10','0','登录成功','2024-01-06 11:54:13'),(176,'admin','127.0.0.1','内网IP','Chrome 12','Windows 10','0','登录成功','2024-01-06 11:54:28'),(177,'ry','127.0.0.1','内网IP','Chrome 12','Windows 10','1','验证码错误','2024-01-06 11:55:33'),(178,'ry','127.0.0.1','内网IP','Chrome 12','Windows 10','0','登录成功','2024-01-06 11:55:38'),(179,'ry','127.0.0.1','内网IP','Chrome 12','Windows 10','0','登录成功','2024-01-06 12:24:50'),(180,'admin','127.0.0.1','内网IP','Chrome 12','Windows 10','0','登录成功','2024-01-06 12:26:48'),(181,'admin','127.0.0.1','内网IP','Chrome 12','Windows 10','0','登录成功','2024-01-06 14:01:42'),(182,'ry','127.0.0.1','内网IP','Chrome 12','Windows 10','0','登录成功','2024-01-06 14:15:41'),(183,'ry','117.61.24.77','XX XX','Chrome 12','Windows 10','0','登录成功','2024-01-06 22:44:03'),(184,'admin','27.222.71.56','XX XX','Chrome Mobile','Android 1.x','0','登录成功','2024-01-06 22:44:25'),(185,'wgl','36.112.184.136','XX XX','Chrome Mobile','Android 1.x','0','登录成功','2024-01-06 22:45:23'),(186,'admin','117.61.24.77','XX XX','Chrome 12','Windows 10','0','登录成功','2024-01-07 11:24:26'),(187,'admin','127.0.0.1','内网IP','Chrome 12','Windows 10','0','登录成功','2024-01-07 11:28:06'),(188,'admin','127.0.0.1','内网IP','Chrome 12','Windows 10','0','登录成功','2024-01-07 15:16:36'),(189,'ry','127.0.0.1','内网IP','Chrome 12','Windows 10','1','密码输入错误1次','2024-01-07 15:26:21'),(190,'ry','127.0.0.1','内网IP','Chrome 12','Windows 10','1','用户不存在/密码错误','2024-01-07 15:26:21'),(191,'ry','127.0.0.1','内网IP','Chrome 12','Windows 10','1','验证码错误','2024-01-07 15:26:27'),(192,'ry','127.0.0.1','内网IP','Chrome 12','Windows 10','1','验证码错误','2024-01-07 15:26:29'),(193,'ry','127.0.0.1','内网IP','Chrome 12','Windows 10','0','登录成功','2024-01-07 15:26:33'),(194,'ry','127.0.0.1','内网IP','Chrome 12','Windows 10','0','登录成功','2024-01-07 15:34:58'),(195,'admin','127.0.0.1','内网IP','Chrome 12','Windows 10','0','登录成功','2024-01-07 15:45:34'),(196,'admin','127.0.0.1','内网IP','Chrome 12','Windows 10','0','登录成功','2024-01-07 15:46:07'),(197,'admin','127.0.0.1','内网IP','Chrome 12','Windows 10','0','登录成功','2024-01-07 15:50:18'),(198,'admin','117.61.29.18','XX XX','Chrome 12','Windows 10','0','登录成功','2024-01-07 15:51:01'),(199,'admin','127.0.0.1','内网IP','Chrome 12','Windows 10','0','登录成功','2024-01-07 15:52:29'),(200,'wgl','127.0.0.1','内网IP','Chrome 12','Windows 10','1','密码输入错误1次','2024-01-07 16:30:17'),(201,'wgl','127.0.0.1','内网IP','Chrome 12','Windows 10','1','用户不存在/密码错误','2024-01-07 16:30:17'),(202,'wgl','127.0.0.1','内网IP','Chrome 12','Windows 10','1','验证码错误','2024-01-07 16:30:21'),(203,'wgl','127.0.0.1','内网IP','Chrome 12','Windows 10','0','登录成功','2024-01-07 16:30:24'),(204,'wgl','127.0.0.1','内网IP','Chrome 12','Windows 10','0','登录成功','2024-01-07 16:33:42'),(205,'admin','127.0.0.1','内网IP','Chrome 12','Windows 10','0','登录成功','2024-01-07 16:49:33'),(206,'admin','127.0.0.1','内网IP','Chrome 12','Windows 10','0','登录成功','2024-01-07 16:54:10'),(207,'admin','127.0.0.1','内网IP','Chrome 12','Windows 10','1','验证码已失效','2024-01-07 17:04:21'),(208,'admin','127.0.0.1','内网IP','Chrome 12','Windows 10','0','登录成功','2024-01-07 17:04:25'),(209,'ry','127.0.0.1','内网IP','Chrome 12','Windows 10','0','登录成功','2024-01-07 17:05:54'),(210,'admin','117.61.29.18','XX XX','Chrome 12','Windows 10','0','登录成功','2024-01-07 17:08:30'),(211,'ry','117.61.29.18','XX XX','Chrome 12','Windows 10','0','登录成功','2024-01-07 17:39:01'),(212,'gqc','119.164.130.114','XX XX','Chrome 10','Windows 10','0','登录成功','2024-01-07 17:39:49'),(213,'gqc','119.164.130.114','XX XX','Chrome 12','Windows 10','0','登录成功','2024-01-07 17:50:39'),(214,'admin','127.0.0.1','内网IP','Chrome 12','Windows 10','1','验证码错误','2024-01-08 16:04:36'),(215,'admin','127.0.0.1','内网IP','Chrome 12','Windows 10','0','登录成功','2024-01-08 16:04:38'),(216,'admin','114.251.223.253','XX XX','Chrome 12','Windows 10','0','登录成功','2024-01-08 17:13:23'),(217,'admin','117.61.194.137','XX XX','Chrome 12','Windows 10','0','登录成功','2024-01-08 20:17:06'),(218,'ry','127.0.0.1','内网IP','Chrome 12','Windows 10','0','登录成功','2024-01-08 20:49:10'),(219,'ry','127.0.0.1','内网IP','Chrome 12','Windows 10','0','退出成功','2024-01-08 21:09:16'),(220,'admin','127.0.0.1','内网IP','Chrome 12','Windows 10','0','登录成功','2024-01-08 21:09:24'),(221,'admin','124.127.79.12','XX XX','Chrome 12','Windows 10','0','登录成功','2024-01-08 21:11:12'),(222,'admin','114.251.223.253','XX XX','Chrome 12','Windows 10','0','登录成功','2024-01-09 10:42:34'),(223,'admin','127.0.0.1','内网IP','Chrome 12','Windows 10','0','登录成功','2024-01-09 11:09:03'),(224,'ry','127.0.0.1','内网IP','Chrome 12','Windows 10','1','验证码错误','2024-01-09 11:14:13'),(225,'wgl','127.0.0.1','内网IP','Chrome 12','Windows 10','0','登录成功','2024-01-09 11:23:11'),(226,'wgl','127.0.0.1','内网IP','Chrome 12','Windows 10','0','登录成功','2024-01-09 11:26:07'),(227,'wgl','127.0.0.1','内网IP','Chrome 12','Windows 10','1','验证码已失效','2024-01-09 11:30:40'),(228,'wgl','127.0.0.1','内网IP','Chrome 12','Windows 10','0','登录成功','2024-01-09 11:35:10'),(229,'wgl','127.0.0.1','内网IP','Chrome 12','Windows 10','0','登录成功','2024-01-09 11:36:04'),(230,'admin','218.108.216.74','XX XX','Chrome 12','Mac OS X','0','登录成功','2024-01-11 09:50:59'),(231,'ry','152.67.211.224','XX XX','Chrome 12','Windows 10','1','验证码已失效','2024-01-11 09:56:38'),(232,'ry','152.67.211.224','XX XX','Chrome 12','Windows 10','0','登录成功','2024-01-11 09:56:42'),(233,'ry','152.67.211.224','XX XX','Chrome 12','Windows 10','0','登录成功','2024-01-11 10:11:52'),(234,'admin','114.251.223.253','XX XX','Chrome 12','Windows 10','0','登录成功','2024-01-11 10:34:53'),(235,'ry','114.251.223.253','XX XX','Chrome 12','Windows 10','0','登录成功','2024-01-11 11:19:55'),(236,'admin','127.0.0.1','内网IP','Chrome 12','Windows 10','0','登录成功','2024-01-11 15:05:55'),(237,'admin','127.0.0.1','内网IP','Chrome 12','Windows 10','1','验证码错误','2024-01-11 15:05:58'),(238,'admin','127.0.0.1','内网IP','Chrome 12','Windows 10','0','登录成功','2024-01-11 15:06:01'),(239,'admin','127.0.0.1','内网IP','Chrome 12','Windows 10','0','登录成功','2024-01-11 15:06:16'),(240,'admin','127.0.0.1','内网IP','Chrome 12','Windows 10','0','登录成功','2024-01-11 15:11:17'),(241,'admin','127.0.0.1','内网IP','Chrome 12','Windows 10','1','验证码已失效','2024-01-11 15:11:17'),(242,'ry','127.0.0.1','内网IP','Chrome 12','Windows 10','0','登录成功','2024-01-11 15:11:32'),(243,'ry','127.0.0.1','内网IP','Chrome 12','Windows 10','0','登录成功','2024-01-11 15:14:16'),(244,'wgl','127.0.0.1','内网IP','Chrome 12','Windows 10','0','登录成功','2024-01-11 15:14:48'),(245,'admin','114.251.223.253','XX XX','Chrome 12','Windows 10','0','登录成功','2024-01-11 16:15:00'),(246,'gqc','127.0.0.1','内网IP','Chrome 12','Windows 10','0','登录成功','2024-01-11 16:15:22'),(247,'ry','127.0.0.1','内网IP','Chrome 12','Windows 10','0','登录成功','2024-01-11 17:21:12'),(248,'admin','127.0.0.1','内网IP','Chrome 12','Windows 10','0','登录成功','2024-01-11 19:28:21'),(249,'admin','127.0.0.1','内网IP','Chrome 12','Windows 10','0','登录成功','2024-01-12 16:37:27'),(250,'admin','127.0.0.1','内网IP','Chrome 12','Windows 10','0','登录成功','2024-01-15 16:15:39'),(251,'admin','123.112.210.189','XX XX','Chrome 12','Windows 10','0','登录成功','2024-01-16 10:37:28'),(252,'admin','123.112.210.189','XX XX','Chrome 12','Windows 10','0','登录成功','2024-01-16 11:12:18'),(253,'wgl','127.0.0.1','内网IP','Chrome 12','Windows 10','0','登录成功','2024-01-16 11:19:20'),(254,'admin','123.112.210.189','XX XX','Chrome 12','Windows 10','0','登录成功','2024-01-16 14:41:45'),(255,'ry','123.112.210.189','XX XX','Chrome 12','Windows 10','0','登录成功','2024-01-16 14:43:51'),(256,'admin','123.112.210.189','XX XX','Chrome 12','Windows 10','0','登录成功','2024-01-16 15:23:26'),(257,'gqc','123.112.210.189','XX XX','Chrome 12','Windows 10','0','登录成功','2024-01-16 15:43:12'),(258,'ry','127.0.0.1','内网IP','Chrome 12','Windows 10','0','登录成功','2024-01-16 16:03:43'),(259,'ry','127.0.0.1','内网IP','Chrome 12','Windows 10','0','退出成功','2024-01-16 16:04:12'),(260,'gqc','127.0.0.1','内网IP','Chrome 12','Windows 10','0','登录成功','2024-01-16 16:04:27'),(261,'admin','123.112.210.189','XX XX','Chrome 12','Windows 10','0','登录成功','2024-01-16 16:13:54'),(262,'admin','123.112.210.189','XX XX','Chrome 12','Windows 10','0','登录成功','2024-01-16 16:14:55'),(263,'admin','123.112.210.189','XX XX','Chrome 12','Windows 10','0','登录成功','2024-01-17 14:49:58'),(264,'ry','144.123.175.98','XX XX','Chrome 12','Windows 10','0','登录成功','2024-01-17 14:53:56'),(265,'smy','113.121.221.90','XX XX','Chrome Mobile','Android 1.x','1','密码输入错误1次','2024-01-17 15:14:36'),(266,'smy','113.121.221.90','XX XX','Chrome Mobile','Android 1.x','1','用户不存在/密码错误','2024-01-17 15:14:36'),(267,'smy','113.121.221.90','XX XX','Chrome Mobile','Android 1.x','0','登录成功','2024-01-17 15:15:34'),(268,'wgl','123.112.210.189','XX XX','Chrome 12','Windows 10','0','登录成功','2024-01-17 15:17:59'),(269,'wgl','123.112.210.189','XX XX','Chrome 12','Windows 10','0','登录成功','2024-01-17 15:31:01'),(270,'admin','127.0.0.1','内网IP','Chrome 12','Windows 10','0','登录成功','2024-01-17 15:37:47'),(271,'gqc','127.0.0.1','内网IP','Chrome 12','Windows 10','0','登录成功','2024-01-17 15:38:14'),(272,'gqc','123.112.210.189','XX XX','Chrome 12','Windows 10','0','登录成功','2024-01-17 15:39:43'),(273,'wgl','123.112.210.189','XX XX','Chrome 12','Windows 10','0','登录成功','2024-01-17 15:39:54'),(274,'admin','127.0.0.1','内网IP','Chrome 12','Windows 10','0','登录成功','2024-01-17 15:54:45'),(275,'admin','127.0.0.1','内网IP','Chrome 12','Windows 10','0','登录成功','2024-01-17 16:20:36'),(276,'smy','127.0.0.1','内网IP','Chrome 12','Windows 10','0','登录成功','2024-01-17 16:21:41'),(277,'smy','212.87.193.22','XX XX','Chrome 12','Windows 10','0','登录成功','2024-01-17 16:22:19'),(278,'admin','127.0.0.1','内网IP','Chrome 12','Windows 10','0','登录成功','2024-01-17 16:23:05'),(279,'wgl','127.0.0.1','内网IP','Chrome 12','Windows 10','0','登录成功','2024-01-17 16:55:14'),(280,'gqc','127.0.0.1','内网IP','Chrome 12','Windows 10','0','登录成功','2024-01-17 17:17:33'),(281,'admin','127.0.0.1','内网IP','Chrome 12','Windows 10','0','登录成功','2024-01-20 12:48:17'),(282,'admin','127.0.0.1','内网IP','Chrome 12','Windows 10','0','登录成功','2024-01-20 14:01:13'),(283,'admin','112.244.202.178','XX XX','Chrome 12','Windows 10','0','登录成功','2024-01-20 14:25:38'),(284,'admin','127.0.0.1','内网IP','Chrome 12','Windows 10','0','登录成功','2024-01-20 18:03:13'),(285,'admin','127.0.0.1','内网IP','Chrome 12','Windows 10','0','登录成功','2024-01-20 18:09:28'),(286,'admin','117.61.16.180','XX XX','Chrome 12','Windows 10','1','密码输入错误1次','2024-01-20 18:28:12'),(287,'admin','117.61.16.180','XX XX','Chrome 12','Windows 10','1','用户不存在/密码错误','2024-01-20 18:28:12'),(288,'admin','117.61.16.180','XX XX','Chrome 12','Windows 10','1','密码输入错误2次','2024-01-20 18:28:19'),(289,'admin','117.61.16.180','XX XX','Chrome 12','Windows 10','1','用户不存在/密码错误','2024-01-20 18:28:19'),(290,'admin','117.61.16.180','XX XX','Chrome 12','Windows 10','0','登录成功','2024-01-20 18:28:26'),(291,'admin','127.0.0.1','内网IP','Chrome 12','Windows 10','0','登录成功','2024-01-20 18:40:18'),(292,'admin','127.0.0.1','内网IP','Chrome 12','Windows 10','1','密码输入错误1次','2024-01-20 20:52:27'),(293,'admin','127.0.0.1','内网IP','Chrome 12','Windows 10','1','用户不存在/密码错误','2024-01-20 20:52:27'),(294,'admin','127.0.0.1','内网IP','Chrome 12','Windows 10','1','验证码错误','2024-01-20 20:52:32'),(295,'admin','127.0.0.1','内网IP','Chrome 12','Windows 10','0','登录成功','2024-01-20 20:52:35'),(296,'admin','127.0.0.1','内网IP','Chrome 12','Windows 10','0','登录成功','2024-01-20 21:00:14'),(297,'admin','127.0.0.1','内网IP','Chrome 12','Windows 10','0','登录成功','2024-01-21 11:56:51'),(298,'admin','127.0.0.1','内网IP','Chrome 12','Windows 10','0','登录成功','2024-01-21 13:23:19'),(299,'admin','117.61.176.210','XX XX','Chrome 12','Windows 10','0','登录成功','2024-01-21 14:06:16'),(300,'admin','127.0.0.1','内网IP','Chrome 12','Windows 10','0','登录成功','2024-01-23 09:35:03'),(301,'admin','127.0.0.1','内网IP','Chrome 12','Windows 10','0','登录成功','2024-01-23 09:36:47'),(302,'admin','127.0.0.1','内网IP','Chrome 12','Windows 10','0','登录成功','2024-01-23 09:41:14'),(303,'admin','127.0.0.1','内网IP','Chrome 12','Windows 10','0','退出成功','2024-01-23 09:59:03'),(304,'ry','127.0.0.1','内网IP','Chrome 12','Windows 10','0','登录成功','2024-01-23 09:59:11'),(305,'ry','144.123.175.98','XX XX','Chrome 12','Windows 10','0','登录成功','2024-01-23 10:42:25'),(306,'admin','127.0.0.1','内网IP','Chrome 12','Windows 10','0','登录成功','2024-01-23 10:43:52'),(307,'admin','127.0.0.1','内网IP','Chrome 12','Windows 10','0','登录成功','2024-01-23 10:56:51'),(308,'admin','127.0.0.1','内网IP','Chrome 12','Windows 10','0','登录成功','2024-01-23 11:02:08'),(309,'admin','127.0.0.1','内网IP','Chrome 12','Windows 10','0','登录成功','2024-01-23 12:32:18'),(310,'admin','127.0.0.1','内网IP','Chrome 12','Windows 10','0','登录成功','2024-01-23 14:36:36'),(311,'admin','127.0.0.1','内网IP','Chrome 12','Windows 10','0','退出成功','2024-01-23 15:19:30'),(312,'admin','127.0.0.1','内网IP','Chrome 12','Windows 10','0','登录成功','2024-01-23 15:19:34'),(313,'ry','1.202.124.171','XX XX','Chrome 12','Windows 10','0','登录成功','2024-01-23 16:18:05'),(314,'admin','127.0.0.1','内网IP','Chrome 12','Windows 10','0','登录成功','2024-01-23 19:16:11'),(315,'admin','127.0.0.1','内网IP','Chrome 12','Windows 10','0','登录成功','2024-01-23 19:21:46'),(316,'admin','127.0.0.1','内网IP','Chrome 12','Windows 10','0','登录成功','2024-01-23 20:24:17'),(317,'ry','127.0.0.1','内网IP','Chrome 12','Windows 10','0','登录成功','2024-01-23 20:47:25'),(318,'ry','127.0.0.1','内网IP','Chrome 12','Windows 10','0','登录成功','2024-01-23 21:12:04'),(319,'admin','127.0.0.1','内网IP','Chrome 12','Windows 10','0','登录成功','2024-01-23 21:13:46'),(320,'ry','127.0.0.1','内网IP','Chrome 12','Windows 10','0','登录成功','2024-01-23 21:36:51'),(321,'ry','127.0.0.1','内网IP','Chrome 12','Windows 10','1','验证码已失效','2024-01-24 09:17:09'),(322,'ry','127.0.0.1','内网IP','Chrome 12','Windows 10','0','登录成功','2024-01-24 09:17:16'),(323,'ry','127.0.0.1','内网IP','Chrome 12','Windows 10','0','登录成功','2024-01-24 11:16:35'),(324,'ry','114.251.223.253','XX XX','Chrome 12','Windows 10','1','验证码已失效','2024-01-24 12:57:28'),(325,'ry','114.251.223.253','XX XX','Chrome 12','Windows 10','0','登录成功','2024-01-24 12:57:31'),(326,'admin','114.251.223.253','XX XX','Chrome 12','Windows 10','0','登录成功','2024-01-24 13:29:32'),(327,'admin','114.251.223.253','XX XX','Chrome 12','Windows 10','0','退出成功','2024-01-24 13:30:06'),(328,'ry','114.251.223.253','XX XX','Chrome 12','Windows 10','0','登录成功','2024-01-24 13:51:51'),(329,'admin','127.0.0.1','内网IP','Chrome 12','Windows 10','0','登录成功','2024-01-24 13:59:44'),(330,'ry','114.251.223.253','XX XX','Chrome 12','Windows 10','0','退出成功','2024-01-24 14:01:07'),(331,'ry','114.251.223.253','XX XX','Chrome 12','Windows 10','0','登录成功','2024-01-24 14:02:00'),(332,'admin','112.244.202.178','XX XX','Chrome 10','Windows 10','1','密码输入错误1次','2024-01-24 14:04:55'),(333,'admin','112.244.202.178','XX XX','Chrome 10','Windows 10','1','用户不存在/密码错误','2024-01-24 14:04:55'),(334,'admin','112.244.202.178','XX XX','Chrome 10','Windows 10','0','登录成功','2024-01-24 14:05:09'),(335,'wgl','127.0.0.1','内网IP','Chrome 12','Windows 10','0','登录成功','2024-01-24 14:10:09'),(336,'admin','127.0.0.1','内网IP','Chrome 12','Windows 10','0','登录成功','2024-01-24 14:10:39'),(337,'admin','112.244.202.178','XX XX','Chrome 12','Windows 10','1','密码输入错误1次','2024-01-24 15:02:02'),(338,'admin','112.244.202.178','XX XX','Chrome 12','Windows 10','1','用户不存在/密码错误','2024-01-24 15:02:02'),(339,'admin','112.244.202.178','XX XX','Chrome 12','Windows 10','0','登录成功','2024-01-24 15:02:08'),(340,'admin','114.251.223.253','XX XX','Chrome 12','Windows 10','0','登录成功','2024-01-24 15:10:46'),(341,'admin','127.0.0.1','内网IP','Chrome 12','Windows 10','0','登录成功','2024-01-24 15:21:20'),(342,'ry','114.251.223.253','XX XX','Chrome 12','Windows 10','0','登录成功','2024-01-24 16:54:22'),(343,'admin','127.0.0.1','内网IP','Chrome 12','Windows 10','0','登录成功','2024-01-24 19:15:15'),(344,'admin','127.0.0.1','内网IP','Chrome 12','Windows 10','0','退出成功','2024-01-24 19:15:56'),(345,'wgl','127.0.0.1','内网IP','Chrome 12','Windows 10','0','登录成功','2024-01-24 19:16:04'),(346,'ry','124.127.223.120','XX XX','Chrome 12','Windows 10','0','登录成功','2024-01-24 19:56:44'),(347,'admin','127.0.0.1','内网IP','Chrome 12','Windows 10','0','登录成功','2024-01-24 21:29:38'),(348,'admin','127.0.0.1','内网IP','Chrome 12','Windows 10','0','登录成功','2024-01-24 21:38:50'),(349,'admin','36.112.190.30','XX XX','Chrome 12','Windows 10','0','登录成功','2024-01-27 22:08:06'),(350,'admin','117.61.28.99','XX XX','Chrome 12','Windows 10','1','验证码已失效','2024-01-28 11:16:56'),(351,'admin','117.61.28.99','XX XX','Chrome 12','Windows 10','0','登录成功','2024-01-28 11:17:08'),(352,'ry','117.61.28.99','XX XX','Chrome 12','Windows 10','0','登录成功','2024-01-28 11:17:26'),(353,'admin','114.251.223.253','XX XX','Chrome 12','Windows 10','0','登录成功','2024-01-29 10:19:56'),(354,'admin','114.251.223.253','XX XX','Chrome 12','Windows 10','0','登录成功','2024-01-29 11:30:02'),(355,'ry','127.0.0.1','内网IP','Chrome 12','Windows 10','1','验证码错误','2024-01-29 13:58:23'),(356,'ry','127.0.0.1','内网IP','Chrome 12','Windows 10','1','验证码错误','2024-01-29 13:58:25'),(357,'ry','127.0.0.1','内网IP','Chrome 12','Windows 10','0','登录成功','2024-01-29 13:58:29'),(358,'ry','127.0.0.1','内网IP','Chrome 12','Windows 10','0','退出成功','2024-01-29 14:22:20'),(359,'ry','127.0.0.1','内网IP','Chrome 12','Windows 10','1','验证码错误','2024-01-29 14:22:31'),(360,'ry','127.0.0.1','内网IP','Chrome 12','Windows 10','0','登录成功','2024-01-29 14:22:35'),(361,'ry','127.0.0.1','内网IP','Chrome 12','Windows 10','0','退出成功','2024-01-29 14:26:17'),(362,'ry','127.0.0.1','内网IP','Chrome 12','Windows 10','0','登录成功','2024-01-29 14:26:31'),(363,'ry','127.0.0.1','内网IP','Chrome 12','Windows 10','0','登录成功','2024-01-29 14:50:57'),(364,'admin','114.251.223.253','XX XX','Chrome 12','Windows 10','0','登录成功','2024-01-29 14:59:59'),(365,'admin','114.251.223.253','XX XX','Chrome 12','Windows 10','0','登录成功','2024-01-30 09:40:03'),(366,'ry','127.0.0.1','内网IP','Chrome 12','Windows 10','0','登录成功','2024-01-30 09:51:56'),(367,'gaoqing','119.164.128.151','XX XX','Chrome 12','Windows 10','1','用户不存在/密码错误','2024-01-30 10:37:03'),(368,'gqc','119.164.128.151','XX XX','Chrome 12','Windows 10','1','用户不存在/密码错误','2024-01-30 10:38:36'),(369,'gqc','119.164.128.151','XX XX','Chrome 12','Windows 10','0','登录成功','2024-01-30 10:38:41'),(370,'admin','114.251.223.253','XX XX','Chrome 12','Windows 10','1','验证码已失效','2024-01-30 10:39:56'),(371,'admin','117.61.192.182','XX XX','Chrome 12','Windows 10','0','登录成功','2024-01-30 19:33:38'),(372,'admin','127.0.0.1','内网IP','Chrome 12','Windows 10','0','登录成功','2024-01-30 20:17:36'),(373,'ry','117.61.192.182','XX XX','Chrome 12','Windows 10','0','登录成功','2024-01-30 20:27:47'),(374,'ry','117.61.192.182','XX XX','Chrome 12','Windows 10','0','退出成功','2024-01-30 20:39:27'),(375,'admin','117.61.192.182','XX XX','Chrome 12','Windows 10','0','登录成功','2024-01-30 20:39:34'),(376,'admin','127.0.0.1','内网IP','Chrome 12','Windows 10','0','登录成功','2024-02-01 13:40:09'),(377,'admin','127.0.0.1','内网IP','Chrome 12','Windows 10','1','验证码已失效','2024-02-01 13:49:08'),(378,'admin','127.0.0.1','内网IP','Chrome 12','Windows 10','0','登录成功','2024-02-01 13:49:12'),(379,'admin','127.0.0.1','内网IP','Chrome 12','Windows 10','0','登录成功','2024-02-01 14:39:26'),(380,'admin','127.0.0.1','内网IP','Chrome 12','Windows 10','0','登录成功','2024-02-01 15:14:40'),(381,'admin','60.233.17.190','XX XX','Chrome 12','Windows 10','1','验证码已失效','2024-02-08 20:38:22'),(382,'admin','60.233.17.190','XX XX','Chrome 12','Windows 10','0','登录成功','2024-02-08 20:38:25'),(383,'ry','127.0.0.1','内网IP','Chrome 12','Windows 10','0','登录成功','2024-02-08 20:45:06'),(384,'admin','127.0.0.1','内网IP','Chrome 12','Windows 10','0','登录成功','2024-02-08 21:03:17'),(385,'admin','60.233.17.190','XX XX','Chrome 12','Windows 10','0','登录成功','2024-02-15 09:51:05'),(386,'ry','60.233.17.190','XX XX','Chrome 12','Windows 10','0','登录成功','2024-02-15 09:52:39'),(387,'admin','60.233.17.190','XX XX','Chrome 12','Windows 10','0','退出成功','2024-02-15 10:02:17'),(388,'admin','111.193.5.209','XX XX','Chrome 10','Windows 10','0','登录成功','2024-02-17 15:13:31'),(389,'adada','127.0.0.1','内网IP','Chrome 12','Windows 10','1','用户不存在/密码错误','2024-02-18 14:43:08'),(390,'adada','127.0.0.1','内网IP','Chrome 12','Windows 10','1','验证码已失效','2024-02-18 14:43:13'),(391,'adada','127.0.0.1','内网IP','Chrome 12','Windows 10','1','用户不存在/密码错误','2024-02-18 15:42:16'),(392,'ry','127.0.0.1','内网IP','Chrome 12','Windows 10','0','登录成功','2024-02-18 15:42:47'),(393,'admin','127.0.0.1','内网IP','Chrome 12','Windows 10','0','登录成功','2024-02-18 16:00:10'),(394,'admin','127.0.0.1','内网IP','Chrome 12','Windows 10','0','登录成功','2024-02-18 16:00:45'),(395,'admin','127.0.0.1','内网IP','Chrome 12','Windows 10','0','登录成功','2024-02-19 09:00:49'),(396,'admin','222.175.113.206','XX XX','Chrome 12','Windows 10','0','登录成功','2024-02-20 10:31:52'),(397,'admin','1.1.1.1','XX XX','Chrome 12','Windows 10','0','登录成功','2024-02-20 10:51:16'),(398,'admin','39.82.134.15','XX XX','Chrome 12','Windows 10','0','登录成功','2024-02-21 15:03:16'),(399,'admin','117.133.18.154','XX XX','Chrome 12','Windows 10','0','登录成功','2024-02-22 09:37:20'),(400,'admin','117.61.29.30','XX XX','Chrome 12','Windows 10','0','登录成功','2024-02-24 13:32:35'),(401,'admin','127.0.0.1','内网IP','Chrome 12','Windows 10','1','验证码错误','2024-02-26 10:06:33'),(402,'admin','127.0.0.1','内网IP','Chrome 12','Windows 10','0','登录成功','2024-02-26 10:06:42'),(403,'admin','127.0.0.1','内网IP','Chrome 12','Windows 10','0','退出成功','2024-02-26 10:23:29'),(404,'admin','127.0.0.1','内网IP','Chrome 12','Windows 10','0','登录成功','2024-02-26 10:23:40'),(405,'admin','114.251.223.253','XX XX','Chrome 12','Windows 10','1','密码输入错误1次','2024-02-26 15:27:02'),(406,'admin','114.251.223.253','XX XX','Chrome 12','Windows 10','1','用户不存在/密码错误','2024-02-26 15:27:02'),(407,'admin','114.251.223.253','XX XX','Chrome 12','Windows 10','0','登录成功','2024-02-26 15:27:08'),(408,'admin','120.244.162.157','XX XX','Chrome 12','Mac OS X','0','登录成功','2024-02-26 21:44:50'),(409,'admin','182.108.14.148','XX XX','Chrome 12','Windows 10','0','登录成功','2024-03-02 10:53:56'),(410,'ry','117.61.21.119','XX XX','Chrome 12','Windows 10','0','登录成功','2024-03-02 10:56:27'),(411,'admin','182.108.14.148','XX XX','Chrome 12','Windows 10','0','退出成功','2024-03-02 11:00:37'),(412,'admin','182.108.14.148','XX XX','Chrome 12','Windows 10','0','登录成功','2024-03-02 11:00:41'),(413,'admin','180.111.120.119','XX XX','Chrome 12','Mac OS X','0','登录成功','2024-03-04 15:28:25'),(414,'admin','124.127.76.168','XX XX','Chrome 12','Windows 10','0','登录成功','2024-03-04 15:35:31'),(415,'admin','58.34.179.2','XX XX','Chrome 12','Windows 10','0','登录成功','2024-03-04 16:35:03'),(416,'admin','60.16.212.22','XX XX','Chrome 12','Mac OS X','0','登录成功','2024-03-05 15:07:19'),(417,'ry','127.0.0.1','内网IP','Chrome 12','Windows 10','0','登录成功','2024-03-05 15:10:17'),(418,'ry','127.0.0.1','内网IP','Chrome 12','Windows 10','0','退出成功','2024-03-05 15:10:35'),(419,'admin','127.0.0.1','内网IP','Chrome 12','Windows 10','0','登录成功','2024-03-05 15:10:43'),(420,'admin','114.242.33.198','XX XX','Chrome Mobile','Android 1.x','0','登录成功','2024-03-05 15:11:51'),(421,'ia-sys.cn','124.128.2.30','XX XX','Chrome 12','Windows 10','1','用户不存在/密码错误','2024-03-05 18:22:13'),(422,'ia-sys.cn','124.128.2.30','XX XX','Chrome 12','Windows 10','1','用户不存在/密码错误','2024-03-05 18:22:19'),(423,'ia-sys.cn','124.128.2.30','XX XX','Chrome 12','Windows 10','1','用户不存在/密码错误','2024-03-05 18:22:46'),(424,'admin','124.128.2.30','XX XX','Chrome 10','Windows 10','0','登录成功','2024-03-05 18:23:12'),(425,'admin','140.210.153.79','XX XX','Chrome 12','Windows 10','1','密码输入错误1次','2024-03-05 19:10:37'),(426,'admin','140.210.153.79','XX XX','Chrome 12','Windows 10','1','用户不存在/密码错误','2024-03-05 19:10:37'),(427,'admin','127.0.0.1','内网IP','Chrome 12','Windows 10','0','登录成功','2024-03-05 20:15:52'),(428,'admin','127.0.0.1','内网IP','Chrome 12','Windows 10','1','验证码错误','2024-03-05 20:54:28'),(429,'admin','127.0.0.1','内网IP','Chrome 12','Windows 10','0','登录成功','2024-03-05 20:54:31'),(430,'admin','127.0.0.1','内网IP','Chrome 12','Windows 10','0','登录成功','2024-03-05 21:02:17'),(431,'admin','127.0.0.1','内网IP','Chrome 12','Windows 10','1','验证码已失效','2024-03-05 22:11:29'),(432,'admin','127.0.0.1','内网IP','Chrome 12','Windows 10','0','登录成功','2024-03-05 22:11:32'),(433,'admin','127.0.0.1','内网IP','Chrome 12','Windows 10','0','登录成功','2024-03-06 08:43:45'),(434,'admin','1.202.123.166','XX XX','Chrome 12','Windows 10','0','登录成功','2024-03-06 08:57:46'),(435,'admin','58.208.105.85','XX XX','Chrome 12','Mac OS X','0','登录成功','2024-03-06 15:36:49'),(436,'admin','127.0.0.1','内网IP','Chrome 12','Windows 10','0','登录成功','2024-03-06 21:01:42'),(437,'admin','36.112.179.13','XX XX','Chrome 12','Windows 10','0','登录成功','2024-03-06 21:42:52'),(438,'admin','112.36.140.193','XX XX','Chrome 11','Windows 10','1','密码输入错误1次','2024-03-08 13:52:00'),(439,'admin','112.36.140.193','XX XX','Chrome 11','Windows 10','1','用户不存在/密码错误','2024-03-08 13:52:00'),(440,'admin123','112.36.140.193','XX XX','Chrome 11','Windows 10','1','验证码错误','2024-03-08 13:52:06'),(441,'admin123','112.36.140.193','XX XX','Chrome 11','Windows 10','1','用户不存在/密码错误','2024-03-08 13:52:13'),(442,'admin123','112.36.140.193','XX XX','Chrome 11','Windows 10','1','用户不存在/密码错误','2024-03-08 13:52:37'),(443,'admin123','112.36.140.193','XX XX','Chrome 11','Windows 10','1','用户不存在/密码错误','2024-03-08 13:52:48'),(444,'ry','124.127.221.139','XX XX','Chrome 12','Windows 10','0','登录成功','2024-03-09 19:14:29'),(445,'admin','112.224.21.45','XX XX','Apple WebKit','Mac OS X (iPhone)','0','登录成功','2024-03-09 19:16:26'),(446,'ry','124.127.221.139','XX XX','Chrome 12','Windows 10','0','登录成功','2024-03-09 20:28:54'),(447,'ry','124.127.221.139','XX XX','Chrome 12','Windows 10','0','退出成功','2024-03-09 20:31:38'),(448,'admin','124.127.221.139','XX XX','Chrome 12','Windows 10','0','登录成功','2024-03-09 20:31:47'),(449,'376','120.244.14.152','XX XX','Chrome 12','Linux','1','用户不存在/密码错误','2024-03-09 21:00:05'),(450,'admin','111.199.98.157','XX XX','Chrome 12','Windows 10','0','登录成功','2024-03-10 09:44:35'),(451,'admin','36.113.115.147','XX XX','Chrome 12','Windows 10','0','登录成功','2024-03-13 12:16:04'),(452,'admin','61.173.83.110','XX XX','Chrome 12','Mac OS X','0','登录成功','2024-03-13 15:17:24'),(453,'admin','39.78.177.129','XX XX','Chrome 12','Windows 10','0','登录成功','2024-03-14 11:31:13'),(454,'admin','220.243.155.82','XX XX','Firefox 12','Windows 10','0','登录成功','2024-03-15 10:08:46'),(455,'admin','119.123.33.197','XX XX','Chrome 12','Mac OS X','1','密码输入错误1次','2024-03-15 17:19:57'),(456,'admin','119.123.33.197','XX XX','Chrome 12','Mac OS X','1','用户不存在/密码错误','2024-03-15 17:19:57'),(457,'admin','119.123.33.197','XX XX','Chrome 12','Mac OS X','1','验证码错误','2024-03-15 17:20:12'),(458,'admin','119.123.33.197','XX XX','Chrome 12','Mac OS X','0','登录成功','2024-03-15 17:20:16'),(459,'admin','223.104.194.174','XX XX','Chrome 12','Windows 10','1','验证码已失效','2024-03-19 09:19:09'),(460,'admin','223.104.194.174','XX XX','Chrome 12','Windows 10','1','密码输入错误1次','2024-03-19 09:19:14'),(461,'admin','223.104.194.174','XX XX','Chrome 12','Windows 10','1','用户不存在/密码错误','2024-03-19 09:19:14'),(462,'admin','222.175.126.74','XX XX','Chrome 12','Windows 10','1','验证码已失效','2024-03-19 09:22:52'),(463,'admin','223.104.194.173','XX XX','Chrome 12','Windows 10','0','登录成功','2024-03-19 09:34:44'),(464,'admin','222.175.126.74','XX XX','Chrome Mobile','Android 1.x','0','登录成功','2024-03-19 09:37:16'),(465,'admin','223.104.194.173','XX XX','Chrome 12','Windows 10','0','登录成功','2024-03-19 10:17:22'),(466,'admin','223.104.194.173','XX XX','Chrome 12','Windows 10','0','退出成功','2024-03-19 10:17:33'),(467,'admin','220.243.155.82','XX XX','Chrome 12','Windows 10','1','密码输入错误1次','2024-03-22 09:26:58'),(468,'admin','220.243.155.82','XX XX','Chrome 12','Windows 10','1','用户不存在/密码错误','2024-03-22 09:26:58'),(469,'admin','220.243.155.82','XX XX','Chrome 12','Windows 10','1','验证码错误','2024-03-22 09:27:39'),(470,'admin','220.243.155.82','XX XX','Chrome 12','Windows 10','1','密码输入错误2次','2024-03-22 09:27:51'),(471,'admin','220.243.155.82','XX XX','Chrome 12','Windows 10','1','用户不存在/密码错误','2024-03-22 09:27:51'),(472,'admin','114.247.89.129','XX XX','Chrome 12','Windows 10','1','验证码已失效','2024-03-22 09:30:47'),(473,'admin','114.247.89.129','XX XX','Chrome 12','Windows 10','0','登录成功','2024-03-22 09:30:54'),(474,'admin','114.246.94.57','XX XX','Chrome 12','Windows 10','0','登录成功','2024-03-25 09:07:27'),(475,'admin','114.246.94.57','XX XX','Chrome 12','Windows 10','0','退出成功','2024-03-25 09:09:46'),(476,'admin','114.246.94.57','XX XX','Chrome 12','Windows 10','1','验证码错误','2024-03-25 09:10:05'),(477,'admin','114.246.94.57','XX XX','Chrome 12','Windows 10','0','登录成功','2024-03-25 09:10:34'),(478,'admin','114.246.94.57','XX XX','Chrome 12','Windows 10','0','登录成功','2024-03-25 09:42:15'),(479,'admin','123.113.255.145','XX XX','Chrome 12','Windows 10','1','验证码已失效','2024-03-25 20:18:15'),(480,'admin','123.113.255.145','XX XX','Chrome 12','Windows 10','0','登录成功','2024-03-25 20:18:19'),(481,'admin','36.112.179.164','XX XX','Chrome 12','Windows 10','0','登录成功','2024-03-29 14:04:37'),(482,'admin','36.112.202.95','XX XX','Chrome 12','Windows 10','0','登录成功','2024-04-09 17:21:15'),(483,'admin','1.202.21.222','XX XX','Chrome 12','Windows 10','1','验证码已失效','2024-04-09 21:21:06'),(484,'admin','1.202.21.222','XX XX','Chrome 12','Windows 10','0','登录成功','2024-04-09 21:21:09'),(485,'admin','1.202.122.59','XX XX','Chrome 12','Windows 10','0','登录成功','2024-04-10 13:44:11'),(486,'user','1.202.122.59','XX XX','Chrome 12','Windows 10','1','用户不存在/密码错误','2024-04-10 14:19:20'),(487,'user','1.202.122.59','XX XX','Chrome 12','Windows 10','1','用户不存在/密码错误','2024-04-10 14:19:25'),(488,'user','1.202.122.59','XX XX','Chrome 12','Windows 10','1','用户不存在/密码错误','2024-04-10 14:19:32'),(489,'user','1.202.122.59','XX XX','Chrome 12','Windows 10','0','登录成功','2024-04-10 14:20:04'),(490,'user','1.202.122.59','XX XX','Chrome 12','Windows 10','0','退出成功','2024-04-10 14:31:30'),(491,'user','1.202.122.59','XX XX','Chrome 12','Windows 10','0','登录成功','2024-04-10 14:31:42'),(492,'user','1.202.122.59','XX XX','Chrome 12','Windows 10','0','退出成功','2024-04-10 14:45:48'),(493,'user','1.202.122.59','XX XX','Chrome 12','Windows 10','0','登录成功','2024-04-10 14:45:56'),(494,'admin','1.202.122.59','XX XX','Chrome 12','Windows 10','1','密码输入错误1次','2024-04-10 15:03:18'),(495,'admin','1.202.122.59','XX XX','Chrome 12','Windows 10','1','用户不存在/密码错误','2024-04-10 15:03:18'),(496,'admin','1.202.122.59','XX XX','Chrome 12','Windows 10','0','登录成功','2024-04-10 15:03:23'),(497,'admin','123.113.255.145','XX XX','Chrome 12','Windows 10','0','登录成功','2024-04-10 20:57:40'),(498,'admin','114.246.94.57','XX XX','Chrome 12','Windows 10','0','登录成功','2024-04-17 14:32:23'),(499,'admin','114.246.94.57','XX XX','Chrome 12','Windows 10','0','登录成功','2024-04-17 14:55:12'),(500,'admin','114.246.94.57','XX XX','Chrome 12','Windows 10','0','登录成功','2024-04-17 15:12:03'),(501,'admin','114.246.94.57','XX XX','Chrome 12','Windows 10','0','登录成功','2024-04-17 18:07:19'),(502,'admin','124.127.222.144','XX XX','Chrome 10','Windows XP','0','登录成功','2024-04-23 18:53:23'),(503,'admin','123.113.255.145','XX XX','Chrome 12','Windows 10','0','登录成功','2024-05-07 22:13:37'),(504,'ry','123.113.255.145','XX XX','Chrome 12','Windows 10','0','登录成功','2024-05-07 22:14:45'),(505,'ada','123.113.255.145','XX XX','Chrome 12','Windows 10','1','验证码已失效','2024-05-08 19:35:27'),(506,'ada','123.113.255.145','XX XX','Chrome 12','Windows 10','1','验证码错误','2024-05-08 19:35:31'),(507,'ada','123.113.255.145','XX XX','Chrome 12','Windows 10','1','验证码已失效','2024-05-09 00:00:49'),(508,'ada','123.113.255.145','XX XX','Chrome 12','Windows 10','1','验证码错误','2024-05-09 00:00:50'),(509,'ada','123.113.255.145','XX XX','Chrome 12','Windows 10','1','验证码错误','2024-05-09 00:00:53'),(510,'qwe','123.113.255.145','XX XX','Chrome 12','Windows 10','1','验证码错误','2024-05-10 12:00:49'),(511,'qwe','123.113.255.145','XX XX','Chrome 12','Windows 10','1','验证码已失效','2024-05-11 11:00:06'),(512,'qwe','123.113.255.145','XX XX','Chrome 12','Windows 10','1','验证码错误','2024-05-11 11:00:08'),(513,'qwe','123.113.255.145','XX XX','Chrome 12','Windows 10','1','验证码错误','2024-05-11 11:00:09'),(514,'qwe','123.113.255.145','XX XX','Chrome 12','Windows 10','1','验证码错误','2024-05-11 11:00:09'),(515,'qwe','123.113.255.145','XX XX','Chrome 12','Windows 10','1','验证码错误','2024-05-11 11:00:09'),(516,'qwe','123.113.255.145','XX XX','Chrome 12','Windows 10','1','验证码错误','2024-05-11 11:00:09'),(517,'qwe','123.113.255.145','XX XX','Chrome 12','Windows 10','1','验证码错误','2024-05-11 11:00:09'),(518,'qwe','123.113.255.145','XX XX','Chrome 12','Windows 10','1','验证码错误','2024-05-11 11:05:57'),(519,'权威','123.113.255.145','XX XX','Chrome 12','Windows 10','1','验证码错误','2024-05-12 12:00:11'),(520,'admin','114.246.239.133','XX XX','Chrome 12','Windows 10','1','验证码已失效','2024-05-20 15:59:20'),(521,'admin','114.246.239.133','XX XX','Chrome 12','Windows 10','0','登录成功','2024-05-20 15:59:24'),(522,'admin','111.200.142.4','XX XX','Chrome 12','Windows 10','1','密码输入错误1次','2024-05-22 10:30:42'),(523,'admin','111.200.142.4','XX XX','Chrome 12','Windows 10','1','用户不存在/密码错误','2024-05-22 10:30:42'),(524,'admin','111.200.142.4','XX XX','Chrome 12','Windows 10','0','登录成功','2024-05-22 10:30:53'),(525,'admin','124.64.22.37','XX XX','Chrome 12','Windows 10','0','登录成功','2024-05-23 09:20:23'),(526,'admin','116.130.192.157','XX XX','Chrome Mobile','Android 1.x','1','验证码错误','2024-05-25 19:25:38'),(527,'admin','116.130.192.157','XX XX','Chrome Mobile','Android 1.x','0','登录成功','2024-05-25 19:25:44'),(528,'admin','124.64.22.32','XX XX','Chrome 12','Windows 10','0','登录成功','2024-05-29 17:22:24'),(529,'admin','113.128.98.237','XX XX','Chrome 12','Windows 10','1','验证码错误','2024-06-19 21:34:14'),(530,'admin','113.128.98.237','XX XX','Chrome 12','Windows 10','0','登录成功','2024-06-19 21:34:19'),(531,'admin','123.113.242.132','XX XX','Chrome 12','Windows 10','0','登录成功','2024-06-20 20:32:03'),(532,'admin','123.113.242.132','XX XX','Chrome 12','Windows 10','0','登录成功','2024-06-20 20:47:22'),(533,'admin','112.224.162.98','XX XX','Chrome 12','Windows 10','0','登录成功','2024-06-22 22:49:59'),(534,'admin','113.121.227.129','XX XX','Chrome 12','Windows 10','0','登录成功','2024-06-22 23:29:01'),(535,'admin','112.224.190.22','XX XX','Chrome 12','Windows 10','1','验证码错误','2024-06-23 19:15:01'),(536,'admin','112.224.190.22','XX XX','Chrome 12','Windows 10','0','登录成功','2024-06-23 19:15:03'),(537,'admin','112.224.143.150','XX XX','Chrome 12','Windows 10','0','登录成功','2024-06-23 21:45:11'),(538,'admin','112.224.163.10','XX XX','Chrome 12','Windows 10','0','登录成功','2024-06-24 09:32:52'),(539,'admin','112.224.163.10','XX XX','Chrome 12','Windows 10','0','登录成功','2024-06-24 10:49:05'),(540,'admin','112.224.163.10','XX XX','Chrome 12','Windows 10','0','登录成功','2024-06-24 10:58:50'),(541,'admin','127.0.0.1','内网IP','Chrome 12','Windows 10','0','登录成功','2024-06-24 11:18:20'),(542,'admin','223.104.194.187','XX XX','Chrome 12','Windows 10','0','登录成功','2024-06-24 12:37:48'),(543,'admin','223.104.194.187','XX XX','Chrome 12','Windows 10','0','退出成功','2024-06-24 12:40:06'),(544,'admin','127.0.0.1','内网IP','Chrome 12','Windows 10','0','登录成功','2024-06-24 13:53:13'),(545,'admin','127.0.0.1','内网IP','Chrome 12','Windows 10','0','退出成功','2024-06-24 14:06:51'),(546,'admin','127.0.0.1','内网IP','Chrome 12','Windows 10','0','登录成功','2024-06-24 14:06:59'),(547,'admin','112.224.141.72','XX XX','Chrome 12','Windows 10','0','登录成功','2024-06-25 13:16:40'),(548,'admin','112.224.141.72','XX XX','Chrome 12','Windows 10','0','登录成功','2024-06-25 13:59:43'),(549,'admin','222.173.36.77','XX XX','Chrome 12','Windows 10','0','登录成功','2024-06-25 14:19:31'),(550,'admin','112.224.141.72','XX XX','Chrome 12','Windows 10','0','登录成功','2024-06-25 15:18:48'),(551,'admin','127.0.0.1','内网IP','Chrome 12','Windows 10','0','登录成功','2024-06-25 15:20:00'),(552,'ry','112.224.141.72','XX XX','Chrome 12','Windows 10','0','登录成功','2024-06-25 15:31:50'),(553,'admin','112.224.141.72','XX XX','Chrome 12','Windows 10','0','登录成功','2024-06-25 15:37:55'),(554,'admin','127.0.0.1','内网IP','Chrome 12','Windows 10','0','登录成功','2024-06-25 16:29:09'),(555,'admin','112.224.161.85','XX XX','Chrome 12','Windows 10','0','登录成功','2024-06-26 12:53:24'),(556,'admin','112.224.161.85','XX XX','Chrome 12','Windows 10','0','退出成功','2024-06-26 13:10:05'),(557,'admin','112.224.161.85','XX XX','Chrome 12','Windows 10','0','登录成功','2024-06-26 13:36:57'),(558,'ry','127.0.0.1','内网IP','Chrome 12','Windows 10','0','登录成功','2024-06-26 13:39:00'),(559,'admin','144.12.255.11','XX XX','Chrome 12','Windows 10','0','登录成功','2024-06-26 14:28:06'),(560,'admin','127.0.0.1','内网IP','Chrome 12','Windows 10','0','登录成功','2024-06-27 09:23:48'),(561,'admin','112.224.161.164','XX XX','Chrome 12','Windows 10','1','验证码错误','2024-06-27 13:24:31'),(562,'admin','112.224.161.164','XX XX','Chrome 12','Windows 10','0','登录成功','2024-06-27 13:24:34'),(563,'wgl','112.224.161.164','XX XX','Chrome 12','Windows 10','0','登录成功','2024-06-27 13:24:57'),(564,'smy','112.224.161.164','XX XX','Chrome 12','Windows 10','1','密码输入错误1次','2024-06-27 13:25:17'),(565,'smy','112.224.161.164','XX XX','Chrome 12','Windows 10','1','用户不存在/密码错误','2024-06-27 13:25:17'),(566,'gqc','112.224.161.164','XX XX','Chrome 12','Windows 10','0','登录成功','2024-06-27 13:25:24'),(567,'admin','127.0.0.1','内网IP','Chrome 12','Windows 10','0','登录成功','2024-07-05 23:06:15'),(568,'admin','127.0.0.1','内网IP','Chrome 12','Windows 10','0','退出成功','2024-07-05 23:07:33'),(569,'admin','127.0.0.1','内网IP','Chrome 12','Windows 10','0','登录成功','2024-07-05 23:08:06'),(570,'admin','127.0.0.1','内网IP','Chrome 12','Windows 10','0','退出成功','2024-07-05 23:10:43'),(571,'wgl','127.0.0.1','内网IP','Chrome 12','Windows 10','0','登录成功','2024-07-05 23:10:53'),(572,'wgl','127.0.0.1','内网IP','Chrome 12','Windows 10','0','退出成功','2024-07-05 23:11:13'),(573,'admin','61.162.187.40','XX XX','Chrome 12','Windows 10','0','登录成功','2024-07-10 14:46:10'),(574,'admin','116.162.95.212','XX XX','Chrome 12','Windows 10','1','用户不存在/密码错误','2024-08-09 22:48:51'),(575,'admin','116.162.95.212','XX XX','Chrome 12','Windows 10','1','密码输入错误1次','2024-08-09 22:48:51'),(576,'admin','223.99.25.61','XX XX','Chrome 12','Windows 10','0','登录成功','2024-09-20 06:38:33'),(577,'admin','112.36.138.92','XX XX','Chrome 12','Windows 10','0','登录成功','2024-09-24 11:56:01'),(578,'admin','123.249.23.192','XX XX','Chrome 12','Windows 10','1','验证码错误','2024-09-27 12:11:14'),(579,'admin','123.249.23.192','XX XX','Chrome 12','Windows 10','1','验证码错误','2024-09-27 12:11:15'),(580,'admin','123.249.23.192','XX XX','Chrome 12','Windows 10','0','登录成功','2024-09-27 12:11:15'),(581,'admin','112.224.162.4','XX XX','Chrome 12','Windows 10','0','登录成功','2024-10-09 06:04:24'),(582,'amdin','39.144.109.132','XX XX','Chrome 12','Windows 10','1','验证码错误','2024-10-20 09:15:34'),(583,'amdin','39.144.109.132','XX XX','Chrome 12','Windows 10','1','用户不存在/密码错误','2024-10-20 09:15:38'),(584,'admin123','39.144.109.132','XX XX','Chrome 12','Windows 10','1','验证码错误','2024-10-20 09:15:44'),(585,'admin123','39.144.109.132','XX XX','Chrome 12','Windows 10','1','用户不存在/密码错误','2024-10-20 09:15:47'),(586,'admin','39.144.109.132','XX XX','Chrome 12','Windows 10','0','登录成功','2024-10-20 09:15:52'),(587,'admin','127.0.0.1','内网IP','Unknown','Unknown','1','验证码错误','2024-10-31 02:19:35'),(588,'admin','127.0.0.1','内网IP','Unknown','Unknown','1','验证码已失效','2024-10-31 02:22:51'),(589,'admin','127.0.0.1','内网IP','Unknown','Unknown','0','登录成功','2024-10-31 02:23:20'),(590,'admin','127.0.0.1','内网IP','Unknown','Unknown','0','登录成功','2024-10-31 03:37:42'),(591,'admin','127.0.0.1','内网IP','Unknown','Unknown','0','登录成功','2024-10-31 05:55:04'),(592,'admin','127.0.0.1','内网IP','Unknown','Unknown','0','登录成功','2024-10-31 06:38:40'),(593,'admin','127.0.0.1','内网IP','Chrome 13','Windows 10','0','登录成功','2024-10-31 06:52:45'),(594,'admin','127.0.0.1','内网IP','Chrome 13','Windows 10','1','密码输入错误1次','2024-10-31 07:03:35'),(595,'admin','127.0.0.1','内网IP','Chrome 13','Windows 10','1','用户不存在/密码错误','2024-10-31 07:03:35'),(596,'admin','127.0.0.1','内网IP','Chrome 13','Windows 10','1','密码输入错误2次','2024-10-31 07:03:39'),(597,'admin','127.0.0.1','内网IP','Chrome 13','Windows 10','1','用户不存在/密码错误','2024-10-31 07:03:39'),(598,'admin','127.0.0.1','内网IP','Chrome 13','Windows 10','0','登录成功','2024-10-31 07:03:47'),(599,'ry','209.141.36.119','XX XX','Chrome 13','Windows 10','0','登录成功','2024-11-01 01:37:09'),(600,'admin','223.99.25.61','XX XX','Chrome 12','Windows 10','0','登录成功','2024-11-01 01:39:26'),(601,'admin','172.83.159.136','XX XX','Chrome 13','Windows 10','1','验证码错误','2024-11-01 01:40:34'),(602,'admin','172.83.159.136','XX XX','Chrome 13','Windows 10','0','登录成功','2024-11-01 01:40:47'),(603,'admin','60.208.111.211','XX XX','Chrome 13','Windows 10','0','登录成功','2024-11-01 09:00:35'),(604,'admin','60.208.111.211','XX XX','Chrome 13','Windows 10','0','登录成功','2024-11-01 09:09:40'),(605,'ry','60.208.111.211','XX XX','Chrome 13','Windows 10','0','登录成功','2024-11-01 09:20:16'),(606,'admin','127.0.0.1','内网IP','Unknown','Unknown','0','登录成功','2024-11-04 07:16:28'),(607,'admin','127.0.0.1','内网IP','Chrome 13','Windows 10','0','登录成功','2024-11-05 06:29:20'),(608,'admin','58.56.96.30','XX XX','Chrome 13','Windows 10','0','登录成功','2024-11-05 06:43:27'),(609,'admin','127.0.0.1','内网IP','Chrome 13','Windows 10','0','登录成功','2024-11-05 07:06:30'),(610,'admin','58.56.96.30','XX XX','Chrome 13','Windows 10','0','登录成功','2024-11-05 08:44:33'),(611,'admin','127.0.0.1','内网IP','Chrome 13','Windows 10','0','登录成功','2024-11-05 08:49:01'),(612,'admin','127.0.0.1','内网IP','Chrome 13','Windows 10','0','登录成功','2024-11-06 01:22:47'),(613,'admin','127.0.0.1','内网IP','Chrome 13','Windows 10','1','密码输入错误1次','2024-11-06 06:32:48'),(614,'admin','127.0.0.1','内网IP','Chrome 13','Windows 10','1','用户不存在/密码错误','2024-11-06 06:32:48'),(615,'admin','127.0.0.1','内网IP','Chrome 13','Windows 10','0','登录成功','2024-11-06 06:32:56'),(616,'admin','58.56.96.30','XX XX','Chrome 13','Windows 10','1','密码输入错误1次','2024-11-07 01:28:19'),(617,'admin','58.56.96.30','XX XX','Chrome 13','Windows 10','1','用户不存在/密码错误','2024-11-07 01:28:19'),(618,'admin','58.56.96.30','XX XX','Chrome 13','Windows 10','0','登录成功','2024-11-07 01:28:25'),(619,'admin','127.0.0.1','内网IP','Chrome 13','Windows 10','0','登录成功','2024-11-07 01:33:43'),(620,'admin','127.0.0.1','内网IP','Chrome 13','Windows 10','0','登录成功','2024-11-07 02:09:41'),(621,'admin','127.0.0.1','内网IP','Chrome 13','Windows 10','1','密码输入错误1次','2024-11-07 02:36:01'),(622,'admin','127.0.0.1','内网IP','Chrome 13','Windows 10','1','验证码错误','2024-11-07 02:36:06'),(623,'admin','127.0.0.1','内网IP','Chrome 13','Windows 10','0','登录成功','2024-11-07 02:36:10'),(624,'admin','127.0.0.1','内网IP','Chrome 13','Windows 10','1','用户不存在/密码错误','2024-11-07 02:36:20'),(625,'admin','112.36.139.143','XX XX','Unknown','Unknown','0','登录成功','2024-11-08 12:29:15'),(626,'admin','60.208.111.211','XX XX','Chrome 13','Windows 10','0','登录成功','2024-11-11 01:57:55'),(627,'admin','127.0.0.1','内网IP','Chrome 13','Windows 10','1','验证码错误','2024-11-11 03:38:01'),(628,'admin','127.0.0.1','内网IP','Chrome 13','Windows 10','0','登录成功','2024-11-11 03:38:04'),(629,'admin','58.56.96.30','XX XX','Chrome 13','Windows 10','0','登录成功','2024-11-11 09:49:50'),(630,'admin','127.0.0.1','内网IP','Chrome 13','Windows 10','0','登录成功','2024-11-13 03:02:18'),(631,'admin','127.0.0.1','内网IP','Chrome 13','Windows 10','0','登录成功','2024-11-13 05:46:07'),(632,'ry','58.56.96.30','XX XX','Chrome 13','Windows 10','0','登录成功','2024-11-13 06:48:32'),(633,'admin','127.0.0.1','内网IP','Chrome 13','Windows 10','0','登录成功','2024-11-13 07:40:55'),(634,'ry','58.56.96.30','XX XX','Chrome 13','Windows 10','0','登录成功','2024-11-13 08:09:16'),(635,'ry','58.56.96.30','XX XX','Chrome 13','Windows 10','0','登录成功','2024-11-13 09:58:44'),(636,'ry','58.56.96.30','XX XX','Chrome 13','Windows 10','1','密码输入错误1次','2024-11-13 10:15:10'),(637,'ry','58.56.96.30','XX XX','Chrome 13','Windows 10','1','用户不存在/密码错误','2024-11-13 10:15:10'),(638,'ry','58.56.96.30','XX XX','Chrome 13','Windows 10','0','登录成功','2024-11-13 10:15:15'),(639,'ry','127.0.0.1','内网IP','Chrome 13','Windows 10','0','登录成功','2024-11-13 10:19:12'),(640,'admin','58.56.96.30','XX XX','Chrome 13','Windows 10','0','登录成功','2024-11-15 05:49:25'),(641,'admin','127.0.0.1','内网IP','Chrome 13','Windows 10','0','登录成功','2024-11-15 08:34:23'),(642,'admin','60.208.111.211','XX XX','Chrome 13','Windows 10','1','密码输入错误1次','2024-11-15 10:07:08'),(643,'admin','60.208.111.211','XX XX','Chrome 13','Windows 10','1','用户不存在/密码错误','2024-11-15 10:07:08'),(644,'admin','60.208.111.211','XX XX','Chrome 13','Windows 10','1','验证码错误','2024-11-15 10:07:11'),(645,'admin','60.208.111.211','XX XX','Chrome 13','Windows 10','0','登录成功','2024-11-15 10:07:15'),(646,'admin','127.0.0.1','内网IP','Chrome 13','Windows 10','0','登录成功','2024-11-15 10:12:16'),(647,'admin','127.0.0.1','内网IP','Chrome 13','Windows 10','0','登录成功','2024-11-25 06:44:58'),(648,'admin','127.0.0.1','内网IP','Chrome 13','Windows 10','0','登录成功','2024-12-04 02:04:28'),(649,'admin','127.0.0.1','内网IP','Chrome 13','Windows 10','1','验证码错误','2024-12-04 02:39:00'),(650,'admin','127.0.0.1','内网IP','Chrome 13','Windows 10','1','验证码错误','2024-12-04 02:39:03'),(651,'admin','127.0.0.1','内网IP','Chrome 13','Windows 10','1','密码输入错误1次','2024-12-04 02:39:07'),(652,'admin','127.0.0.1','内网IP','Chrome 13','Windows 10','1','用户不存在/密码错误','2024-12-04 02:39:07'),(653,'admin','127.0.0.1','内网IP','Chrome 13','Windows 10','0','登录成功','2024-12-04 02:39:14'),(654,'admin','60.208.111.211','XX XX','Chrome 13','Windows 10','0','登录成功','2024-12-06 02:44:30'),(655,'admin','127.0.0.1','内网IP','Chrome 13','Windows 10','0','登录成功','2024-12-06 07:23:36'),(656,'admin','127.0.0.1','内网IP','Chrome 13','Windows 10','0','登录成功','2024-12-06 08:38:50'),(657,'admin','117.136.0.142','XX XX','Chrome 13','Windows 10','1','验证码已失效','2024-12-16 01:22:21'),(658,'admin','117.136.0.142','XX XX','Chrome 13','Windows 10','1','密码输入错误1次','2024-12-16 01:22:27'),(659,'admin','117.136.0.142','XX XX','Chrome 13','Windows 10','1','用户不存在/密码错误','2024-12-16 01:22:27'),(660,'admin','58.152.22.196','XX XX','Chrome 13','Windows 10','0','登录成功','2024-12-16 01:25:15'),(661,'admin','58.56.96.28','XX XX','Chrome 13','Windows 10','0','登录成功','2024-12-17 06:31:40'),(662,'admin','127.0.0.1','内网IP','Chrome 13','Windows 10','0','登录成功','2024-12-17 06:45:13'),(663,'admin','127.0.0.1','内网IP','Chrome 13','Windows 10','0','登录成功','2024-12-20 07:57:15'),(664,'admin','127.0.0.1','内网IP','Chrome 13','Windows 10','1','验证码错误','2024-12-24 02:59:35'),(665,'admin','127.0.0.1','内网IP','Chrome 13','Windows 10','1','验证码错误','2024-12-24 02:59:56'),(666,'admin','127.0.0.1','内网IP','Chrome 13','Windows 10','0','登录成功','2024-12-24 03:00:00'),(667,'admin','112.36.139.111','XX XX','Chrome 13','Windows 10','0','登录成功','2025-05-11 11:08:42'),(668,'admin','45.202.210.15','XX XX','Robot/Spider','Unknown','1','密码输入错误1次','2025-08-22 01:48:46'),(669,'admin','45.202.210.15','XX XX','Robot/Spider','Unknown','1','用户不存在/密码错误','2025-08-22 01:48:46'),(670,'admin','45.202.210.15','XX XX','Robot/Spider','Unknown','0','登录成功','2025-08-22 01:48:59'),(671,'admin','45.202.210.15','XX XX','Robot/Spider','Unknown','1','验证码错误','2025-08-24 01:40:40'),(672,'admin','45.202.210.15','XX XX','Robot/Spider','Unknown','1','验证码错误','2025-08-24 01:40:40'),(673,'ry','45.202.210.15','XX XX','Robot/Spider','Unknown','1','验证码错误','2025-08-24 01:40:41'),(674,'ry','45.202.210.15','XX XX','Robot/Spider','Unknown','1','验证码错误','2025-08-24 01:40:41'),(675,'admin','182.45.253.47','XX XX','Chrome 13','Windows 10','0','登录成功','2025-09-04 09:33:01'),(676,'admin','120.224.42.189','XX XX','Chrome 13','Windows 10','0','登录成功','2025-09-04 09:34:04'),(677,'admin','112.232.230.67','XX XX','Chrome 11','Unknown mobile','1','密码输入错误1次','2025-10-16 13:26:28'),(678,'admin','112.232.230.67','XX XX','Chrome 11','Unknown mobile','1','用户不存在/密码错误','2025-10-16 13:26:28'),(679,'admin','112.232.230.67','XX XX','Chrome 11','Windows 10','0','登录成功','2025-10-16 13:26:58'),(680,'admin','61.148.223.154','XX XX','Chrome 14','Windows 10','0','登录成功','2025-10-17 01:46:13'),(681,'admin','222.133.50.186','XX XX','Chrome 14','Windows 10','0','登录成功','2025-10-20 01:25:42'),(682,'admin','60.208.111.211','XX XX','Chrome 14','Windows 10','0','登录成功','2025-12-02 02:32:52'),(683,'admin','47.98.160.248','XX XX','Unknown','Unknown','1','验证码已失效','2025-12-12 03:45:03'),(684,'admin','39.71.122.138','XX XX','Chrome 14','Windows 10','0','登录成功','2025-12-16 01:47:12'),(685,'admin','115.159.155.208','XX XX','Mozilla','Unknown','1','验证码错误','2026-01-05 14:43:48'),(686,'admin','115.159.155.208','XX XX','Mozilla','Unknown','1','验证码错误','2026-01-05 14:43:49'),(687,'admin','115.159.155.208','XX XX','Mozilla','Unknown','1','密码输入错误1次','2026-01-05 14:43:50'),(688,'admin','115.159.155.208','XX XX','Mozilla','Unknown','1','用户不存在/密码错误','2026-01-05 14:43:50'),(689,'admin','183.50.49.152','XX XX','Chrome 12','Windows 10','0','登录成功','2026-01-10 03:30:35');
/*!40000 ALTER TABLE `sys_logininfor` ENABLE KEYS */;
UNLOCK TABLES;

--
-- Table structure for table `sys_menu`
--

DROP TABLE IF EXISTS `sys_menu`;
/*!40101 SET @saved_cs_client     = @@character_set_client */;
/*!50503 SET character_set_client = utf8mb4 */;
CREATE TABLE `sys_menu` (
  `menu_id` bigint NOT NULL AUTO_INCREMENT COMMENT '菜单ID',
  `menu_name` varchar(50) CHARACTER SET utf8mb4 COLLATE utf8mb4_0900_ai_ci NOT NULL COMMENT '菜单名称',
  `parent_id` bigint DEFAULT '0' COMMENT '父菜单ID',
  `order_num` int DEFAULT '0' COMMENT '显示顺序',
  `path` varchar(200) CHARACTER SET utf8mb4 COLLATE utf8mb4_0900_ai_ci DEFAULT '' COMMENT '路由地址',
  `component` varchar(255) CHARACTER SET utf8mb4 COLLATE utf8mb4_0900_ai_ci DEFAULT NULL COMMENT '组件路径',
  `query` varchar(255) CHARACTER SET utf8mb4 COLLATE utf8mb4_0900_ai_ci DEFAULT NULL COMMENT '路由参数',
  `is_frame` int DEFAULT '1' COMMENT '是否为外链（0是 1否）',
  `is_cache` int DEFAULT '0' COMMENT '是否缓存（0缓存 1不缓存）',
  `menu_type` char(1) CHARACTER SET utf8mb4 COLLATE utf8mb4_0900_ai_ci DEFAULT '' COMMENT '菜单类型（M目录 C菜单 F按钮）',
  `visible` char(1) CHARACTER SET utf8mb4 COLLATE utf8mb4_0900_ai_ci DEFAULT '0' COMMENT '菜单状态（0显示 1隐藏）',
  `status` char(1) CHARACTER SET utf8mb4 COLLATE utf8mb4_0900_ai_ci DEFAULT '0' COMMENT '菜单状态（0正常 1停用）',
  `perms` varchar(100) CHARACTER SET utf8mb4 COLLATE utf8mb4_0900_ai_ci DEFAULT NULL COMMENT '权限标识',
  `icon` varchar(100) CHARACTER SET utf8mb4 COLLATE utf8mb4_0900_ai_ci DEFAULT '#' COMMENT '菜单图标',
  `create_by` varchar(64) CHARACTER SET utf8mb4 COLLATE utf8mb4_0900_ai_ci DEFAULT '' COMMENT '创建者',
  `create_time` datetime DEFAULT NULL COMMENT '创建时间',
  `update_by` varchar(64) CHARACTER SET utf8mb4 COLLATE utf8mb4_0900_ai_ci DEFAULT '' COMMENT '更新者',
  `update_time` datetime DEFAULT NULL COMMENT '更新时间',
  `remark` varchar(500) CHARACTER SET utf8mb4 COLLATE utf8mb4_0900_ai_ci DEFAULT '' COMMENT '备注',
  PRIMARY KEY (`menu_id`) USING BTREE
) ENGINE=InnoDB AUTO_INCREMENT=2007 DEFAULT CHARSET=utf8mb4 COLLATE=utf8mb4_0900_ai_ci ROW_FORMAT=DYNAMIC COMMENT='菜单权限表';
/*!40101 SET character_set_client = @saved_cs_client */;

--
-- Dumping data for table `sys_menu`
--

LOCK TABLES `sys_menu` WRITE;
/*!40000 ALTER TABLE `sys_menu` DISABLE KEYS */;
INSERT INTO `sys_menu` VALUES (1,'系统管理',0,50,'system',NULL,'',1,0,'M','0','0','','system','admin','2023-12-26 20:21:51','admin','2024-12-17 06:46:46','系统管理目录'),(2,'系统监控',0,70,'monitor',NULL,'',1,0,'M','0','0','','monitor','admin','2023-12-26 20:21:52','admin','2024-12-17 06:47:40','系统监控目录'),(3,'系统工具',0,60,'tool',NULL,'',1,0,'M','0','0','','tool','admin','2023-12-26 20:21:52','admin','2024-12-17 06:46:30','系统工具目录'),(4,'若依官网',0,40,'http://ruoyi.vip',NULL,'',0,0,'M','1','0','','guide','admin','2023-12-26 20:21:53','admin','2024-12-17 06:46:22','若依官网地址'),(100,'用户管理',1,1,'user','system/user/index','',1,0,'C','0','0','system:user:list','user','admin','2023-12-26 20:21:54','',NULL,'用户管理菜单'),(101,'角色管理',1,2,'role','system/role/index','',1,0,'C','0','0','system:role:list','peoples','admin','2023-12-26 20:21:54','',NULL,'角色管理菜单'),(102,'菜单管理',1,3,'menu','system/menu/index','',1,0,'C','0','0','system:menu:list','tree-table','admin','2023-12-26 20:21:55','',NULL,'菜单管理菜单'),(103,'部门管理',1,4,'dept','system/dept/index','',1,0,'C','0','0','system:dept:list','tree','admin','2023-12-26 20:21:55','',NULL,'部门管理菜单'),(104,'岗位管理',1,5,'post','system/post/index','',1,0,'C','0','0','system:post:list','post','admin','2023-12-26 20:21:56','',NULL,'岗位管理菜单'),(105,'字典管理',1,6,'dict','system/dict/index','',1,0,'C','0','0','system:dict:list','dict','admin','2023-12-26 20:21:57','',NULL,'字典管理菜单'),(106,'参数设置',1,7,'config','system/config/index','',1,0,'C','0','0','system:config:list','edit','admin','2023-12-26 20:21:57','',NULL,'参数设置菜单'),(107,'通知公告',1,8,'notice','system/notice/index','',1,0,'C','0','0','system:notice:list','message','admin','2023-12-26 20:21:58','',NULL,'通知公告菜单'),(108,'日志管理',1,9,'log','','',1,0,'M','0','0','','log','admin','2023-12-26 20:21:58','',NULL,'日志管理菜单'),(109,'在线用户',2,1,'online','monitor/online/index','',1,0,'C','0','0','monitor:online:list','online','admin','2023-12-26 20:21:59','',NULL,'在线用户菜单'),(110,'定时任务',2,2,'job','monitor/job/index','',1,0,'C','0','0','monitor:job:list','job','admin','2023-12-26 20:22:00','',NULL,'定时任务菜单'),(111,'数据监控',2,3,'druid','monitor/druid/index','',1,0,'C','0','0','monitor:druid:list','druid','admin','2023-12-26 20:22:02','',NULL,'数据监控菜单'),(112,'服务监控',2,4,'server','monitor/server/index','',1,0,'C','0','0','monitor:server:list','server','admin','2023-12-26 20:22:07','',NULL,'服务监控菜单'),(113,'缓存监控',2,5,'cache','monitor/cache/index','',1,0,'C','0','0','monitor:cache:list','redis','admin','2023-12-26 20:22:10','',NULL,'缓存监控菜单'),(114,'缓存列表',2,6,'cacheList','monitor/cache/list','',1,0,'C','0','0','monitor:cache:list','redis-list','admin','2023-12-26 20:22:12','',NULL,'缓存列表菜单'),(115,'表单构建',3,1,'build','tool/build/index','',1,0,'C','0','0','tool:build:list','build','admin','2023-12-26 20:22:12','',NULL,'表单构建菜单'),(116,'代码生成',3,2,'gen','tool/gen/index','',1,0,'C','0','0','tool:gen:list','code','admin','2023-12-26 20:22:14','',NULL,'代码生成菜单'),(117,'系统接口',3,3,'swagger','tool/swagger/index','',1,0,'C','0','0','tool:swagger:list','swagger','admin','2023-12-26 20:22:15','',NULL,'系统接口菜单'),(500,'操作日志',108,1,'operlog','monitor/operlog/index','',1,0,'C','0','0','monitor:operlog:list','form','admin','2023-12-26 20:22:16','',NULL,'操作日志菜单'),(501,'登录日志',108,2,'logininfor','monitor/logininfor/index','',1,0,'C','0','0','monitor:logininfor:list','logininfor','admin','2023-12-26 20:22:17','',NULL,'登录日志菜单'),(1000,'用户查询',100,1,'','','',1,0,'F','0','0','system:user:query','#','admin','2023-12-26 20:22:18','',NULL,''),(1001,'用户新增',100,2,'','','',1,0,'F','0','0','system:user:add','#','admin','2023-12-26 20:22:18','',NULL,''),(1002,'用户修改',100,3,'','','',1,0,'F','0','0','system:user:edit','#','admin','2023-12-26 20:22:19','',NULL,''),(1003,'用户删除',100,4,'','','',1,0,'F','0','0','system:user:remove','#','admin','2023-12-26 20:22:20','',NULL,''),(1004,'用户导出',100,5,'','','',1,0,'F','0','0','system:user:export','#','admin','2023-12-26 20:22:20','',NULL,''),(1005,'用户导入',100,6,'','','',1,0,'F','0','0','system:user:import','#','admin','2023-12-26 20:22:21','',NULL,''),(1006,'重置密码',100,7,'','','',1,0,'F','0','0','system:user:resetPwd','#','admin','2023-12-26 20:22:22','',NULL,''),(1007,'角色查询',101,1,'','','',1,0,'F','0','0','system:role:query','#','admin','2023-12-26 20:22:23','',NULL,''),(1008,'角色新增',101,2,'','','',1,0,'F','0','0','system:role:add','#','admin','2023-12-26 20:22:24','',NULL,''),(1009,'角色修改',101,3,'','','',1,0,'F','0','0','system:role:edit','#','admin','2023-12-26 20:22:25','',NULL,''),(1010,'角色删除',101,4,'','','',1,0,'F','0','0','system:role:remove','#','admin','2023-12-26 20:22:27','',NULL,''),(1011,'角色导出',101,5,'','','',1,0,'F','0','0','system:role:export','#','admin','2023-12-26 20:22:28','',NULL,''),(1012,'菜单查询',102,1,'','','',1,0,'F','0','0','system:menu:query','#','admin','2023-12-26 20:22:30','',NULL,''),(1013,'菜单新增',102,2,'','','',1,0,'F','0','0','system:menu:add','#','admin','2023-12-26 20:22:31','',NULL,''),(1014,'菜单修改',102,3,'','','',1,0,'F','0','0','system:menu:edit','#','admin','2023-12-26 20:22:32','',NULL,''),(1015,'菜单删除',102,4,'','','',1,0,'F','0','0','system:menu:remove','#','admin','2023-12-26 20:22:34','',NULL,''),(1016,'部门查询',103,1,'','','',1,0,'F','0','0','system:dept:query','#','admin','2023-12-26 20:22:36','',NULL,''),(1017,'部门新增',103,2,'','','',1,0,'F','0','0','system:dept:add','#','admin','2023-12-26 20:22:38','',NULL,''),(1018,'部门修改',103,3,'','','',1,0,'F','0','0','system:dept:edit','#','admin','2023-12-26 20:22:41','',NULL,''),(1019,'部门删除',103,4,'','','',1,0,'F','0','0','system:dept:remove','#','admin','2023-12-26 20:22:44','',NULL,''),(1020,'岗位查询',104,1,'','','',1,0,'F','0','0','system:post:query','#','admin','2023-12-26 20:22:44','',NULL,''),(1021,'岗位新增',104,2,'','','',1,0,'F','0','0','system:post:add','#','admin','2023-12-26 20:22:45','',NULL,''),(1022,'岗位修改',104,3,'','','',1,0,'F','0','0','system:post:edit','#','admin','2023-12-26 20:22:45','',NULL,''),(1023,'岗位删除',104,4,'','','',1,0,'F','0','0','system:post:remove','#','admin','2023-12-26 20:22:46','',NULL,''),(1024,'岗位导出',104,5,'','','',1,0,'F','0','0','system:post:export','#','admin','2023-12-26 20:22:47','',NULL,''),(1025,'字典查询',105,1,'#','','',1,0,'F','0','0','system:dict:query','#','admin','2023-12-26 20:22:47','',NULL,''),(1026,'字典新增',105,2,'#','','',1,0,'F','0','0','system:dict:add','#','admin','2023-12-26 20:22:48','',NULL,''),(1027,'字典修改',105,3,'#','','',1,0,'F','0','0','system:dict:edit','#','admin','2023-12-26 20:22:48','',NULL,''),(1028,'字典删除',105,4,'#','','',1,0,'F','0','0','system:dict:remove','#','admin','2023-12-26 20:22:49','',NULL,''),(1029,'字典导出',105,5,'#','','',1,0,'F','0','0','system:dict:export','#','admin','2023-12-26 20:22:49','',NULL,''),(1030,'参数查询',106,1,'#','','',1,0,'F','0','0','system:config:query','#','admin','2023-12-26 20:22:50','',NULL,''),(1031,'参数新增',106,2,'#','','',1,0,'F','0','0','system:config:add','#','admin','2023-12-26 20:22:50','',NULL,''),(1032,'参数修改',106,3,'#','','',1,0,'F','0','0','system:config:edit','#','admin','2023-12-26 20:22:51','',NULL,''),(1033,'参数删除',106,4,'#','','',1,0,'F','0','0','system:config:remove','#','admin','2023-12-26 20:22:51','',NULL,''),(1034,'参数导出',106,5,'#','','',1,0,'F','0','0','system:config:export','#','admin','2023-12-26 20:22:52','',NULL,''),(1035,'公告查询',107,1,'#','','',1,0,'F','0','0','system:notice:query','#','admin','2023-12-26 20:22:53','',NULL,''),(1036,'公告新增',107,2,'#','','',1,0,'F','0','0','system:notice:add','#','admin','2023-12-26 20:22:53','',NULL,''),(1037,'公告修改',107,3,'#','','',1,0,'F','0','0','system:notice:edit','#','admin','2023-12-26 20:22:54','',NULL,''),(1038,'公告删除',107,4,'#','','',1,0,'F','0','0','system:notice:remove','#','admin','2023-12-26 20:22:55','',NULL,''),(1039,'操作查询',500,1,'#','','',1,0,'F','0','0','monitor:operlog:query','#','admin','2023-12-26 20:22:55','',NULL,''),(1040,'操作删除',500,2,'#','','',1,0,'F','0','0','monitor:operlog:remove','#','admin','2023-12-26 20:22:56','',NULL,''),(1041,'日志导出',500,3,'#','','',1,0,'F','0','0','monitor:operlog:export','#','admin','2023-12-26 20:22:56','',NULL,''),(1042,'登录查询',501,1,'#','','',1,0,'F','0','0','monitor:logininfor:query','#','admin','2023-12-26 20:22:57','',NULL,''),(1043,'登录删除',501,2,'#','','',1,0,'F','0','0','monitor:logininfor:remove','#','admin','2023-12-26 20:22:57','',NULL,''),(1044,'日志导出',501,3,'#','','',1,0,'F','0','0','monitor:logininfor:export','#','admin','2023-12-26 20:22:58','',NULL,''),(1045,'账户解锁',501,4,'#','','',1,0,'F','0','0','monitor:logininfor:unlock','#','admin','2023-12-26 20:22:59','',NULL,''),(1046,'在线查询',109,1,'#','','',1,0,'F','0','0','monitor:online:query','#','admin','2023-12-26 20:22:59','',NULL,''),(1047,'批量强退',109,2,'#','','',1,0,'F','0','0','monitor:online:batchLogout','#','admin','2023-12-26 20:23:00','',NULL,''),(1048,'单条强退',109,3,'#','','',1,0,'F','0','0','monitor:online:forceLogout','#','admin','2023-12-26 20:23:00','',NULL,''),(1049,'任务查询',110,1,'#','','',1,0,'F','0','0','monitor:job:query','#','admin','2023-12-26 20:23:01','',NULL,''),(1050,'任务新增',110,2,'#','','',1,0,'F','0','0','monitor:job:add','#','admin','2023-12-26 20:23:02','',NULL,''),(1051,'任务修改',110,3,'#','','',1,0,'F','0','0','monitor:job:edit','#','admin','2023-12-26 20:23:03','',NULL,''),(1052,'任务删除',110,4,'#','','',1,0,'F','0','0','monitor:job:remove','#','admin','2023-12-26 20:23:04','',NULL,''),(1053,'状态修改',110,5,'#','','',1,0,'F','0','0','monitor:job:changeStatus','#','admin','2023-12-26 20:23:04','',NULL,''),(1054,'任务导出',110,6,'#','','',1,0,'F','0','0','monitor:job:export','#','admin','2023-12-26 20:23:05','',NULL,''),(1055,'生成查询',116,1,'#','','',1,0,'F','0','0','tool:gen:query','#','admin','2023-12-26 20:23:05','',NULL,''),(1056,'生成修改',116,2,'#','','',1,0,'F','0','0','tool:gen:edit','#','admin','2023-12-26 20:23:07','',NULL,''),(1057,'生成删除',116,3,'#','','',1,0,'F','0','0','tool:gen:remove','#','admin','2023-12-26 20:23:07','',NULL,''),(1058,'导入代码',116,4,'#','','',1,0,'F','0','0','tool:gen:import','#','admin','2023-12-26 20:23:09','',NULL,''),(1059,'预览代码',116,5,'#','','',1,0,'F','0','0','tool:gen:preview','#','admin','2023-12-26 20:23:09','',NULL,''),(1060,'生成代码',116,6,'#','','',1,0,'F','0','0','tool:gen:code','#','admin','2023-12-26 20:23:10','',NULL,''),(2000,'聚合搜索',0,20,'search/index','search/index',NULL,1,0,'C','0','0','','search','admin','2023-11-20 10:30:22','admin','2024-12-17 06:46:00',NULL),(2001,'BI分析',2003,1,'bi/chart/index','bi/chart/index',NULL,1,0,'C','0','0',NULL,'dashboard','admin','2023-11-20 10:37:39','admin','2023-12-16 19:32:30',NULL),(2002,'聊天室',0,10,'chat/index','chat/index',NULL,1,0,'C','0','0','','qq','admin','2023-11-20 10:42:58','admin','2024-12-17 06:45:55',NULL),(2003,'BI智能分析',0,40,'/bi',NULL,NULL,1,0,'M','0','0','','chart','admin','2023-12-16 19:26:14','admin','2024-12-17 06:49:46',NULL),(2004,'BI分析-异步',2003,2,'bi/chartAsync/index','bi/chartAsync/index',NULL,1,0,'C','0','0',NULL,'dashboard','admin','2023-12-16 19:30:15','admin','2023-12-16 19:32:41',NULL),(2005,'我的分析图表',2003,3,'bi/myChart/index','bi/myChart/index',NULL,1,0,'C','0','0',NULL,'tab','admin','2023-12-16 19:32:15','admin','2023-12-17 15:21:42',NULL),(2006,'帖子文章',0,30,'post/index','post/index',NULL,1,0,'C','0','0','','post','admin','2024-12-17 06:36:17','admin','2024-12-17 06:49:39','');
/*!40000 ALTER TABLE `sys_menu` ENABLE KEYS */;
UNLOCK TABLES;

--
-- Table structure for table `sys_notice`
--

DROP TABLE IF EXISTS `sys_notice`;
/*!40101 SET @saved_cs_client     = @@character_set_client */;
/*!50503 SET character_set_client = utf8mb4 */;
CREATE TABLE `sys_notice` (
  `notice_id` int NOT NULL AUTO_INCREMENT COMMENT '公告ID',
  `notice_title` varchar(50) CHARACTER SET utf8mb4 COLLATE utf8mb4_0900_ai_ci NOT NULL COMMENT '公告标题',
  `notice_type` char(1) CHARACTER SET utf8mb4 COLLATE utf8mb4_0900_ai_ci NOT NULL COMMENT '公告类型（1通知 2公告）',
  `notice_content` longblob COMMENT '公告内容',
  `status` char(1) CHARACTER SET utf8mb4 COLLATE utf8mb4_0900_ai_ci DEFAULT '0' COMMENT '公告状态（0正常 1关闭）',
  `create_by` varchar(64) CHARACTER SET utf8mb4 COLLATE utf8mb4_0900_ai_ci DEFAULT '' COMMENT '创建者',
  `create_time` datetime DEFAULT NULL COMMENT '创建时间',
  `update_by` varchar(64) CHARACTER SET utf8mb4 COLLATE utf8mb4_0900_ai_ci DEFAULT '' COMMENT '更新者',
  `update_time` datetime DEFAULT NULL COMMENT '更新时间',
  `remark` varchar(255) CHARACTER SET utf8mb4 COLLATE utf8mb4_0900_ai_ci DEFAULT NULL COMMENT '备注',
  PRIMARY KEY (`notice_id`) USING BTREE
) ENGINE=InnoDB AUTO_INCREMENT=13 DEFAULT CHARSET=utf8mb4 COLLATE=utf8mb4_0900_ai_ci ROW_FORMAT=DYNAMIC COMMENT='通知公告表';
/*!40101 SET character_set_client = @saved_cs_client */;

--
-- Dumping data for table `sys_notice`
--

LOCK TABLES `sys_notice` WRITE;
/*!40000 ALTER TABLE `sys_notice` DISABLE KEYS */;
INSERT INTO `sys_notice` VALUES (1,'聊天室 相关公告','2',_binary '<p>目前<strong>仅开放表情功能</strong>，其他功能敬请期待；开启<strong>“智能小助理”</strong>功能，可<strong>调用AI回答</strong>您的问题！</p>','0','ry','2024-01-30 10:01:32','',NULL,NULL),(2,'BI智能分析','2',_binary '<p>1、通过<strong>分析目标</strong>和<strong>Excel数据</strong>，使用AIGC生成<strong>①Echarts的JSON图表</strong>、<strong>②分析结论</strong>，返回前端进行展示。</p><p>2、BI智能分析分为<strong>阻塞模式</strong>和<strong>异步模式</strong>（建议使用异步模式，等待约30s后可到”<strong>我的图表</strong>“中进行查看）。</p>','0','ry','2024-01-30 10:00:32','ry','2024-01-30 10:05:15',NULL),(3,'聚合搜索相关公告','2',_binary '<ol><li><span style=\"color: rgb(0, 0, 0);\">聚合搜索文章时，是</span><strong style=\"color: rgb(0, 0, 0);\">本系统</strong><span style=\"color: rgb(0, 0, 0);\">中的文章，开始是本系统热度</span><strong style=\"color: rgb(0, 0, 0);\">Top5</strong><span style=\"color: rgb(0, 0, 0);\">的标题；</span></li><li><span style=\"color: rgb(0, 0, 0);\">文章搜索采用ElasticSearch技术；图片则是网络图片；</span></li><li><span style=\"color: rgb(0, 0, 0);\"><span class=\"ql-cursor\">﻿</span>后续将去掉用户搜索，添加其他功能例如视频等！</span></li></ol>','0','admin','2024-01-30 09:43:15','',NULL,NULL);
/*!40000 ALTER TABLE `sys_notice` ENABLE KEYS */;
UNLOCK TABLES;

--
-- Table structure for table `sys_oper_log`
--

DROP TABLE IF EXISTS `sys_oper_log`;
/*!40101 SET @saved_cs_client     = @@character_set_client */;
/*!50503 SET character_set_client = utf8mb4 */;
CREATE TABLE `sys_oper_log` (
  `oper_id` bigint NOT NULL AUTO_INCREMENT COMMENT '日志主键',
  `title` varchar(50) CHARACTER SET utf8mb4 COLLATE utf8mb4_0900_ai_ci DEFAULT '' COMMENT '模块标题',
  `business_type` int DEFAULT '0' COMMENT '业务类型（0其它 1新增 2修改 3删除）',
  `method` varchar(100) CHARACTER SET utf8mb4 COLLATE utf8mb4_0900_ai_ci DEFAULT '' COMMENT '方法名称',
  `request_method` varchar(10) CHARACTER SET utf8mb4 COLLATE utf8mb4_0900_ai_ci DEFAULT '' COMMENT '请求方式',
  `operator_type` int DEFAULT '0' COMMENT '操作类别（0其它 1后台用户 2手机端用户）',
  `oper_name` varchar(50) CHARACTER SET utf8mb4 COLLATE utf8mb4_0900_ai_ci DEFAULT '' COMMENT '操作人员',
  `dept_name` varchar(50) CHARACTER SET utf8mb4 COLLATE utf8mb4_0900_ai_ci DEFAULT '' COMMENT '部门名称',
  `oper_url` varchar(255) CHARACTER SET utf8mb4 COLLATE utf8mb4_0900_ai_ci DEFAULT '' COMMENT '请求URL',
  `oper_ip` varchar(128) CHARACTER SET utf8mb4 COLLATE utf8mb4_0900_ai_ci DEFAULT '' COMMENT '主机地址',
  `oper_location` varchar(255) CHARACTER SET utf8mb4 COLLATE utf8mb4_0900_ai_ci DEFAULT '' COMMENT '操作地点',
  `oper_param` varchar(2000) CHARACTER SET utf8mb4 COLLATE utf8mb4_0900_ai_ci DEFAULT '' COMMENT '请求参数',
  `json_result` varchar(2000) CHARACTER SET utf8mb4 COLLATE utf8mb4_0900_ai_ci DEFAULT '' COMMENT '返回参数',
  `status` int DEFAULT '0' COMMENT '操作状态（0正常 1异常）',
  `error_msg` varchar(2000) CHARACTER SET utf8mb4 COLLATE utf8mb4_0900_ai_ci DEFAULT '' COMMENT '错误消息',
  `oper_time` datetime DEFAULT NULL COMMENT '操作时间',
  `cost_time` bigint DEFAULT '0' COMMENT '消耗时间',
  PRIMARY KEY (`oper_id`) USING BTREE,
  KEY `idx_sys_oper_log_bt` (`business_type`) USING BTREE,
  KEY `idx_sys_oper_log_s` (`status`) USING BTREE,
  KEY `idx_sys_oper_log_ot` (`oper_time`) USING BTREE
) ENGINE=InnoDB AUTO_INCREMENT=172 DEFAULT CHARSET=utf8mb4 COLLATE=utf8mb4_0900_ai_ci ROW_FORMAT=DYNAMIC COMMENT='操作日志记录';
/*!40101 SET character_set_client = @saved_cs_client */;

--
-- Dumping data for table `sys_oper_log`
--

LOCK TABLES `sys_oper_log` WRITE;
/*!40000 ALTER TABLE `sys_oper_log` DISABLE KEYS */;
INSERT INTO `sys_oper_log` VALUES (100,'菜单管理',3,'com.ruoyi.web.controller.system.SysMenuController.remove()','DELETE',1,'admin',NULL,'/system/menu/4','127.0.0.1','内网IP','{}','{\"msg\":\"菜单已分配,不允许删除\",\"code\":601}',0,NULL,'2023-12-31 15:34:54',127),(101,'菜单管理',2,'com.ruoyi.web.controller.system.SysMenuController.edit()','PUT',1,'admin',NULL,'/system/menu','127.0.0.1','内网IP','{\"children\":[],\"createTime\":\"2023-12-26 20:21:53\",\"icon\":\"guide\",\"isCache\":\"0\",\"isFrame\":\"0\",\"menuId\":4,\"menuName\":\"若依官网\",\"menuType\":\"M\",\"orderNum\":4,\"params\":{},\"parentId\":0,\"path\":\"http://ruoyi.vip\",\"perms\":\"\",\"query\":\"\",\"status\":\"0\",\"updateBy\":\"admin\",\"visible\":\"1\"}','{\"msg\":\"操作成功\",\"code\":200}',0,NULL,'2023-12-31 15:35:03',196),(102,'菜单管理',2,'com.ruoyi.web.controller.system.SysMenuController.edit()','PUT',1,'admin',NULL,'/system/menu','127.0.0.1','内网IP','{\"children\":[],\"createTime\":\"2023-12-26 20:21:51\",\"icon\":\"system\",\"isCache\":\"0\",\"isFrame\":\"1\",\"menuId\":1,\"menuName\":\"系统管理\",\"menuType\":\"M\",\"orderNum\":4,\"params\":{},\"parentId\":0,\"path\":\"system\",\"perms\":\"\",\"query\":\"\",\"status\":\"0\",\"updateBy\":\"admin\",\"visible\":\"0\"}','{\"msg\":\"操作成功\",\"code\":200}',0,NULL,'2023-12-31 15:35:16',185),(103,'菜单管理',2,'com.ruoyi.web.controller.system.SysMenuController.edit()','PUT',1,'admin',NULL,'/system/menu','127.0.0.1','内网IP','{\"children\":[],\"createTime\":\"2023-12-26 20:21:52\",\"icon\":\"monitor\",\"isCache\":\"0\",\"isFrame\":\"1\",\"menuId\":2,\"menuName\":\"系统监控\",\"menuType\":\"M\",\"orderNum\":5,\"params\":{},\"parentId\":0,\"path\":\"monitor\",\"perms\":\"\",\"query\":\"\",\"status\":\"0\",\"updateBy\":\"admin\",\"visible\":\"0\"}','{\"msg\":\"操作成功\",\"code\":200}',0,NULL,'2023-12-31 15:35:26',182),(104,'菜单管理',2,'com.ruoyi.web.controller.system.SysMenuController.edit()','PUT',1,'admin',NULL,'/system/menu','127.0.0.1','内网IP','{\"children\":[],\"createTime\":\"2023-12-26 20:21:52\",\"icon\":\"tool\",\"isCache\":\"0\",\"isFrame\":\"1\",\"menuId\":3,\"menuName\":\"系统工具\",\"menuType\":\"M\",\"orderNum\":6,\"params\":{},\"parentId\":0,\"path\":\"tool\",\"perms\":\"\",\"query\":\"\",\"status\":\"0\",\"updateBy\":\"admin\",\"visible\":\"0\"}','{\"msg\":\"操作成功\",\"code\":200}',0,NULL,'2023-12-31 15:35:32',197),(105,'角色管理',2,'com.ruoyi.web.controller.system.SysRoleController.edit()','PUT',1,'admin',NULL,'/system/role','127.0.0.1','内网IP','{\"admin\":false,\"createTime\":\"2023-12-26 20:21:47\",\"dataScope\":\"2\",\"delFlag\":\"0\",\"deptCheckStrictly\":true,\"flag\":false,\"menuCheckStrictly\":true,\"menuIds\":[2002,2000,2003,2001,2004,2005,4,1,100,1000,1001,1002,1003,1004,1005,1006,101,1007,1008,1009,1010,1011,102,1012,1013,1014,1015,103,1016,1017,1018,1019,104,1020,1021,1022,1023,1024,105,1025,1026,1027,1028,1029,106,1030,1031,1032,1033,1034,107,1035,1036,1037,1038,108,500,1039,1040,1041,501,1042,1043,1044,1045,2,109,1046,1047,1048,110,1049,1050,1051,1052,1053,1054,111,112,113,114,3,115,116,1055,1056,1057,1058,1059,1060,117],\"params\":{},\"remark\":\"普通角色\",\"roleId\":2,\"roleKey\":\"common\",\"roleName\":\"普通角色\",\"roleSort\":2,\"status\":\"0\",\"updateBy\":\"admin\"}','{\"msg\":\"操作成功\",\"code\":200}',0,NULL,'2023-12-31 18:23:23',648),(106,'用户管理',1,'com.ruoyi.web.controller.system.SysUserController.add()','POST',1,'admin',NULL,'/system/user','114.251.223.253','XX XX','{\"admin\":false,\"createBy\":\"admin\",\"deptId\":100,\"nickName\":\"wgl\",\"params\":{},\"postIds\":[],\"roleIds\":[],\"status\":\"0\",\"userId\":100,\"userName\":\"wgl\"}','{\"msg\":\"操作成功\",\"code\":200}',0,NULL,'2024-01-05 16:48:13',167),(107,'用户管理',2,'com.ruoyi.web.controller.system.SysUserController.edit()','PUT',1,'admin',NULL,'/system/user','124.127.16.214','XX XX','{\"admin\":false,\"avatar\":\"\",\"createBy\":\"admin\",\"createTime\":\"2024-01-05 16:48:13\",\"delFlag\":\"0\",\"dept\":{\"ancestors\":\"0\",\"children\":[],\"deptId\":100,\"deptName\":\"若依科技\",\"leader\":\"若依\",\"orderNum\":0,\"params\":{},\"parentId\":0,\"status\":\"0\"},\"deptId\":100,\"email\":\"\",\"loginDate\":\"2024-01-05 16:48:37\",\"loginIp\":\"124.128.34.82\",\"nickName\":\"wgl\",\"params\":{},\"phonenumber\":\"\",\"postIds\":[],\"roleIds\":[2],\"roles\":[],\"sex\":\"0\",\"status\":\"0\",\"updateBy\":\"admin\",\"userId\":100,\"userName\":\"wgl\"}','{\"msg\":\"操作成功\",\"code\":200}',0,NULL,'2024-01-05 16:50:06',88),(108,'角色管理',1,'com.ruoyi.web.controller.system.SysRoleController.add()','POST',1,'admin',NULL,'/system/role','124.127.16.214','XX XX','{\"admin\":false,\"createBy\":\"admin\",\"deptCheckStrictly\":true,\"deptIds\":[],\"flag\":false,\"menuCheckStrictly\":true,\"menuIds\":[2002,2000,2003,2001,2004,2005,4,1,100,1000,1001,1002,1003,1004,1005,1006,101,1007,1008,1009,1010,1011,102,1012,1013,1014,1015,103,1016,1017,1018,1019,104,1020,1021,1022,1023,1024,105,1025,1026,1027,1028,1029,106,1030,1031,1032,1033,1034,107,1035,1036,1037,1038,108,500,1039,1040,1041,501,1042,1043,1044,1045,2,109,1046,1047,1048,110,1049,1050,1051,1052,1053,1054,111,112,113,114,3,115,116,1055,1056,1057,1058,1059,1060,117],\"params\":{},\"remark\":\"vip\",\"roleId\":100,\"roleKey\":\"vip\",\"roleName\":\"VIP\",\"roleSort\":3,\"status\":\"0\"}','{\"msg\":\"操作成功\",\"code\":200}',0,NULL,'2024-01-05 16:50:43',75),(109,'用户管理',2,'com.ruoyi.web.controller.system.SysUserController.edit()','PUT',1,'admin',NULL,'/system/user','124.127.16.214','XX XX','{\"admin\":false,\"avatar\":\"\",\"createBy\":\"admin\",\"createTime\":\"2024-01-05 16:48:13\",\"delFlag\":\"0\",\"dept\":{\"ancestors\":\"0\",\"children\":[],\"deptId\":100,\"deptName\":\"若依科技\",\"leader\":\"若依\",\"orderNum\":0,\"params\":{},\"parentId\":0,\"status\":\"0\"},\"deptId\":100,\"email\":\"\",\"loginDate\":\"2024-01-05 16:48:37\",\"loginIp\":\"124.128.34.82\",\"nickName\":\"wgl\",\"params\":{},\"phonenumber\":\"\",\"postIds\":[],\"roleIds\":[100],\"roles\":[{\"admin\":false,\"dataScope\":\"2\",\"deptCheckStrictly\":false,\"flag\":false,\"menuCheckStrictly\":false,\"params\":{},\"roleId\":2,\"roleKey\":\"common\",\"roleName\":\"普通角色\",\"roleSort\":2,\"status\":\"0\"}],\"sex\":\"0\",\"status\":\"0\",\"updateBy\":\"admin\",\"userId\":100,\"userName\":\"wgl\"}','{\"msg\":\"操作成功\",\"code\":200}',0,NULL,'2024-01-05 16:50:54',62),(110,'用户管理',1,'com.ruoyi.web.controller.system.SysUserController.add()','POST',1,'admin',NULL,'/system/user','124.127.16.214','XX XX','{\"admin\":false,\"createBy\":\"admin\",\"nickName\":\"gqc\",\"params\":{},\"postIds\":[],\"roleIds\":[100],\"status\":\"0\",\"userId\":101,\"userName\":\"gqc\"}','{\"msg\":\"操作成功\",\"code\":200}',0,NULL,'2024-01-05 17:07:23',169),(111,'用户头像',2,'com.ruoyi.web.controller.system.SysProfileController.avatar()','POST',1,'ry',NULL,'/system/user/profile/avatar','127.0.0.1','内网IP','','{\"msg\":\"操作成功\",\"imgUrl\":\"/profile/avatar/2024/01/06/blob_20240106115339A001.png\",\"code\":200}',0,NULL,'2024-01-06 11:53:39',491),(112,'用户头像',2,'com.ruoyi.web.controller.system.SysProfileController.avatar()','POST',1,'admin',NULL,'/system/user/profile/avatar','123.112.210.189','XX XX','','{\"msg\":\"操作成功\",\"imgUrl\":\"/profile/avatar/2024/01/16/blob_20240116144232A001.png\",\"code\":200}',0,NULL,'2024-01-16 14:42:32',118),(113,'用户管理',1,'com.ruoyi.web.controller.system.SysUserController.add()','POST',1,'admin',NULL,'/system/user','123.112.210.189','XX XX','{\"admin\":false,\"createBy\":\"admin\",\"nickName\":\"smy\",\"params\":{},\"postIds\":[],\"roleIds\":[100],\"sex\":\"1\",\"status\":\"0\",\"userId\":102,\"userName\":\"smy\"}','{\"msg\":\"操作成功\",\"code\":200}',0,NULL,'2024-01-17 15:11:13',176),(114,'用户头像',2,'com.ruoyi.web.controller.system.SysProfileController.avatar()','POST',1,'admin',NULL,'/system/user/profile/avatar','114.251.223.253','XX XX','','{\"msg\":\"操作成功\",\"imgUrl\":\"/profile/avatar/2024/01/29/blob_20240129102939A002.png\",\"code\":200}',0,NULL,'2024-01-29 10:29:39',30),(115,'用户头像',2,'com.ruoyi.web.controller.system.SysProfileController.avatar()','POST',1,'ry',NULL,'/system/user/profile/avatar','127.0.0.1','内网IP','','{\"msg\":\"操作成功\",\"imgUrl\":\"\",\"code\":200}',0,NULL,'2024-01-29 13:58:58',423),(116,'用户头像',2,'com.ruoyi.web.controller.system.SysProfileController.avatar()','POST',1,'ry',NULL,'/system/user/profile/avatar','127.0.0.1','内网IP','',NULL,1,'String index out of range: -1','2024-01-29 14:13:16',6132),(117,'用户头像',2,'com.ruoyi.web.controller.system.SysProfileController.avatar()','POST',1,'ry',NULL,'/system/user/profile/avatar','127.0.0.1','内网IP','','{\"msg\":\"操作成功\",\"imgUrl\":\"http://ia-isliujiao.oss-cn-beijing.aliyuncs.com/images/2024-01-29-17065091355212845.\",\"code\":200}',0,NULL,'2024-01-29 14:18:55',516),(118,'用户头像',2,'com.ruoyi.web.controller.system.SysProfileController.avatar()','POST',1,'ry',NULL,'/system/user/profile/avatar','127.0.0.1','内网IP','','{\"msg\":\"操作成功\",\"imgUrl\":\"http://ia-isliujiao.oss-cn-beijing.aliyuncs.com/images/2024-01-29/17065093854546237.\",\"code\":200}',0,NULL,'2024-01-29 14:23:25',20203),(119,'用户头像',2,'com.ruoyi.web.controller.system.SysProfileController.avatar()','POST',1,'ry',NULL,'/system/user/profile/avatar','127.0.0.1','内网IP','','{\"msg\":\"操作成功\",\"imgUrl\":\"http://ia-isliujiao.oss-cn-beijing.aliyuncs.com/images/2024-01-29/17065095088919736.\",\"code\":200}',0,NULL,'2024-01-29 14:26:17',68652),(120,'用户头像',2,'com.ruoyi.web.controller.system.SysProfileController.avatar()','POST',1,'ry',NULL,'/system/user/profile/avatar','127.0.0.1','内网IP','','{\"msg\":\"操作成功\",\"imgUrl\":\"http://ia-isliujiao.oss-cn-beijing.aliyuncs.com/images/2024-01-29/17065096101695327.\",\"code\":200}',0,NULL,'2024-01-29 14:28:06',76813),(121,'用户头像',2,'com.ruoyi.web.controller.system.SysProfileController.avatar()','POST',1,'ry',NULL,'/system/user/profile/avatar','127.0.0.1','内网IP','','{\"msg\":\"操作成功\",\"imgUrl\":\"http://ia-isliujiao.oss-cn-beijing.aliyuncs.com/images/2024-01-29/17065097287466264.\",\"code\":200}',0,NULL,'2024-01-29 14:34:12',323889),(122,'用户头像',2,'com.ruoyi.web.controller.system.SysProfileController.avatar()','POST',1,'ry',NULL,'/system/user/profile/avatar','127.0.0.1','内网IP','','{\"msg\":\"操作成功\",\"imgUrl\":\"http://ia-isliujiao.oss-cn-beijing.aliyuncs.com/images/2024-01-29/17065101075611699.png\",\"code\":200}',0,NULL,'2024-01-29 14:35:18',11778),(123,'用户头像',2,'com.ruoyi.web.controller.system.SysProfileController.avatar()','POST',1,'ry',NULL,'/system/user/profile/avatar','127.0.0.1','内网IP','','{\"msg\":\"操作成功\",\"imgUrl\":\"http://ia-isliujiao.oss-cn-beijing.aliyuncs.com/images/2024-01-29/17065102103524115.png\",\"code\":200}',0,NULL,'2024-01-29 14:36:50',599),(124,'用户头像',2,'com.ruoyi.web.controller.system.SysProfileController.avatar()','POST',1,'admin',NULL,'/system/user/profile/avatar','114.251.223.253','XX XX','','{\"msg\":\"操作成功\",\"imgUrl\":\"http://ia-isliujiao.oss-cn-beijing.aliyuncs.com/images/2024-01-29/17065116483223883.png\",\"code\":200}',0,NULL,'2024-01-29 15:00:48',311),(125,'通知公告',1,'com.ruoyi.web.controller.system.SysNoticeController.add()','POST',1,'admin',NULL,'/system/notice','114.251.223.253','XX XX','{\"createBy\":\"admin\",\"noticeContent\":\"<ol><li><span style=\\\"color: rgb(0, 0, 0);\\\">聚合搜索文章时，是</span><strong style=\\\"color: rgb(0, 0, 0);\\\">本系统</strong><span style=\\\"color: rgb(0, 0, 0);\\\">中的文章，开始是本系统热度</span><strong style=\\\"color: rgb(0, 0, 0);\\\">Top5</strong><span style=\\\"color: rgb(0, 0, 0);\\\">的标题；</span></li><li><span style=\\\"color: rgb(0, 0, 0);\\\">文章搜索采用ElasticSearch技术；图片则是网络图片；</span></li><li><span style=\\\"color: rgb(0, 0, 0);\\\"><span class=\\\"ql-cursor\\\">﻿</span>后续将去掉用户搜索，添加其他功能例如视频等！</span></li></ol>\",\"noticeTitle\":\"聚合搜索相关公告\",\"noticeType\":\"2\",\"params\":{},\"status\":\"0\"}','{\"msg\":\"操作成功\",\"code\":200}',0,NULL,'2024-01-30 09:43:15',44),(126,'通知公告',3,'com.ruoyi.web.controller.system.SysNoticeController.remove()','DELETE',1,'ry',NULL,'/system/notice/1','127.0.0.1','内网IP','{}','{\"msg\":\"操作成功\",\"code\":200}',0,NULL,'2024-01-30 09:56:38',74),(127,'通知公告',3,'com.ruoyi.web.controller.system.SysNoticeController.remove()','DELETE',1,'ry',NULL,'/system/notice/2','127.0.0.1','内网IP','{}','{\"msg\":\"操作成功\",\"code\":200}',0,NULL,'2024-01-30 09:56:40',15),(128,'通知公告',1,'com.ruoyi.web.controller.system.SysNoticeController.add()','POST',1,'ry',NULL,'/system/notice','127.0.0.1','内网IP','{\"createBy\":\"ry\",\"noticeContent\":\"<p>1、介绍：</p><p>\\t通过分析目标和数据，使用AIGC生产Echarts的①JSON图表、②分析结论，返回前端进行展示。</p><p>\\tBI智能分析分为<strong>阻塞模式</strong>和<strong>异步模式</strong>（建议使用异步模式，等待约30s后可到”我的图表“中进行查看）。</p><p>2、使用方法：</p><p>\\t输入您要对数据分析的需求，并上传一个包含excel的数据，即可调用AI帮您生成一个图表和分析结论！</p>\",\"noticeTitle\":\"BI智能分析\",\"noticeType\":\"2\",\"params\":{},\"status\":\"0\"}','{\"msg\":\"操作成功\",\"code\":200}',0,NULL,'2024-01-30 10:00:33',21),(129,'通知公告',1,'com.ruoyi.web.controller.system.SysNoticeController.add()','POST',1,'ry',NULL,'/system/notice','127.0.0.1','内网IP','{\"createBy\":\"ry\",\"noticeContent\":\"<p>目前<strong>仅开放表情功能</strong>，其他功能敬请期待；开启<strong>“智能小助理”</strong>功能，可<strong>调用AI回答</strong>您的问题！</p>\",\"noticeTitle\":\"聊天室 相关公告\",\"noticeType\":\"2\",\"params\":{},\"status\":\"0\"}','{\"msg\":\"操作成功\",\"code\":200}',0,NULL,'2024-01-30 10:01:32',18),(130,'通知公告',2,'com.ruoyi.web.controller.system.SysNoticeController.edit()','PUT',1,'ry',NULL,'/system/notice','127.0.0.1','内网IP','{\"createBy\":\"ry\",\"createTime\":\"2024-01-30 10:00:32\",\"noticeContent\":\"<p>1、通过<strong>分析目标</strong>和<strong>Excel数据</strong>，使用AIGC生成<strong>①Echarts的JSON图表</strong>、<strong>②分析结论</strong>，返回前端进行展示。</p><p>2、BI智能分析分为<strong>阻塞模式</strong>和<strong>异步模式</strong>（建议使用异步模式，等待约30s后可到”<strong>我的图表</strong>“中进行查看）。</p>\",\"noticeId\":11,\"noticeTitle\":\"BI智能分析\",\"noticeType\":\"2\",\"params\":{},\"status\":\"0\",\"updateBy\":\"ry\"}','{\"msg\":\"操作成功\",\"code\":200}',0,NULL,'2024-01-30 10:05:15',20),(131,'在线用户',7,'com.ruoyi.web.controller.monitor.SysUserOnlineController.forceLogout()','DELETE',1,'gqc',NULL,'/monitor/online/5ec3b545-7ec6-4824-9b64-301897dcec17','119.164.128.151','XX XX','{}','{\"msg\":\"操作成功\",\"code\":200}',0,NULL,'2024-01-30 10:39:16',4),(132,'用户头像',2,'com.ruoyi.web.controller.system.SysProfileController.avatar()','POST',1,'admin',NULL,'/system/user/profile/avatar','127.0.0.1','内网IP','','{\"msg\":\"操作成功\",\"imgUrl\":\"http://ia-isliujiao.oss-cn-beijing.aliyuncs.com/images/2024-01-30/1706617142911148.png\",\"code\":200}',0,NULL,'2024-01-30 20:19:03',187),(133,'用户头像',2,'com.ruoyi.web.controller.system.SysProfileController.avatar()','POST',1,'admin',NULL,'/system/user/profile/avatar','127.0.0.1','内网IP','','{\"msg\":\"操作成功\",\"imgUrl\":\"http://ia-isliujiao.oss-cn-beijing.aliyuncs.com/images/2024-01-30/17066171432389874.png\",\"code\":200}',0,NULL,'2024-01-30 20:19:03',88),(134,'用户头像',2,'com.ruoyi.web.controller.system.SysProfileController.avatar()','POST',1,'admin',NULL,'/system/user/profile/avatar','127.0.0.1','内网IP','','{\"msg\":\"操作成功\",\"imgUrl\":\"http://ia-isliujiao.oss-cn-beijing.aliyuncs.com/images/2024-01-30/17066173937951121.png\",\"code\":200}',0,NULL,'2024-01-30 20:23:14',229),(135,'用户头像',2,'com.ruoyi.web.controller.system.SysProfileController.avatar()','POST',1,'ry',NULL,'/system/user/profile/avatar','124.127.221.139','XX XX','','{\"msg\":\"操作成功\",\"imgUrl\":\"http://ia-isliujiao.oss-cn-beijing.aliyuncs.com/images/2024-03-09/1709987434258248.png\",\"code\":200}',0,NULL,'2024-03-09 20:30:34',289),(136,'个人信息',2,'com.ruoyi.web.controller.system.SysProfileController.updateProfile()','PUT',1,'admin',NULL,'/system/user/profile','119.123.33.197','XX XX','{\"admin\":true,\"avatar\":\"http://ia-isliujiao.oss-cn-beijing.aliyuncs.com/images/2024-01-30/17066173937951121.png\",\"createBy\":\"admin\",\"createTime\":\"2023-12-26 20:21:37\",\"currency\":10,\"delFlag\":\"0\",\"dept\":{\"ancestors\":\"0,100,101\",\"children\":[],\"deptId\":103,\"deptName\":\"研发部门\",\"leader\":\"若依\",\"orderNum\":1,\"params\":{\"@type\":\"java.util.HashMap\"},\"parentId\":101,\"status\":\"0\"},\"deptId\":103,\"email\":\"ry@163.com\",\"loginDate\":\"2024-03-15 10:08:47\",\"loginIp\":\"220.243.155.82\",\"nickName\":\"管理员\",\"params\":{\"@type\":\"java.util.HashMap\"},\"phonenumber\":\"15888888888\",\"remark\":\"管理员\",\"roles\":[{\"admin\":true,\"dataScope\":\"1\",\"deptCheckStrictly\":false,\"flag\":false,\"menuCheckStrictly\":false,\"params\":{\"@type\":\"java.util.HashMap\"},\"roleId\":1,\"roleKey\":\"admin\",\"roleName\":\"超级管理员\",\"roleSort\":1,\"status\":\"0\"}],\"sex\":\"0\",\"status\":\"0\",\"userId\":1,\"userName\":\"admin\"}','{\"msg\":\"操作成功\",\"code\":200}',0,NULL,'2024-03-15 17:26:04',39),(137,'用户管理',1,'com.ruoyi.web.controller.system.SysUserController.add()','POST',1,'admin',NULL,'/system/user','1.202.122.59','XX XX','{\"admin\":false,\"createBy\":\"admin\",\"nickName\":\"user\",\"params\":{},\"postIds\":[],\"roleIds\":[2],\"status\":\"0\",\"userId\":103,\"userName\":\"用户1\"}','{\"msg\":\"操作成功\",\"code\":200}',0,NULL,'2024-04-10 14:18:44',160),(138,'角色管理',2,'com.ruoyi.web.controller.system.SysRoleController.edit()','PUT',1,'admin',NULL,'/system/role','1.202.122.59','XX XX','{\"admin\":false,\"createTime\":\"2023-12-26 20:21:47\",\"dataScope\":\"2\",\"delFlag\":\"0\",\"deptCheckStrictly\":true,\"flag\":false,\"menuCheckStrictly\":true,\"menuIds\":[2002,2000,2003,2001,2004,2005],\"params\":{},\"remark\":\"普通角色\",\"roleId\":2,\"roleKey\":\"common\",\"roleName\":\"普通角色\",\"roleSort\":2,\"status\":\"0\",\"updateBy\":\"admin\"}','{\"msg\":\"操作成功\",\"code\":200}',0,NULL,'2024-04-10 14:18:59',81),(139,'用户管理',3,'com.ruoyi.web.controller.system.SysUserController.remove()','DELETE',1,'admin',NULL,'/system/user/103','1.202.122.59','XX XX','{}','{\"msg\":\"操作成功\",\"code\":200}',0,NULL,'2024-04-10 14:19:48',65),(140,'用户管理',1,'com.ruoyi.web.controller.system.SysUserController.add()','POST',1,'admin',NULL,'/system/user','1.202.122.59','XX XX','{\"admin\":false,\"createBy\":\"admin\",\"nickName\":\"user\",\"params\":{},\"postIds\":[],\"roleIds\":[2],\"status\":\"0\",\"userId\":104,\"userName\":\"user\"}','{\"msg\":\"操作成功\",\"code\":200}',0,NULL,'2024-04-10 14:19:58',120),(141,'角色管理',2,'com.ruoyi.web.controller.system.SysRoleController.edit()','PUT',1,'admin',NULL,'/system/role','1.202.122.59','XX XX','{\"admin\":false,\"createTime\":\"2023-12-26 20:21:47\",\"dataScope\":\"2\",\"delFlag\":\"0\",\"deptCheckStrictly\":true,\"flag\":false,\"menuCheckStrictly\":true,\"menuIds\":[1,102,2002,2000,2003,2001,2004,2005,1012],\"params\":{},\"remark\":\"普通角色\",\"roleId\":2,\"roleKey\":\"common\",\"roleName\":\"普通角色\",\"roleSort\":2,\"status\":\"0\",\"updateBy\":\"admin\"}','{\"msg\":\"操作成功\",\"code\":200}',0,NULL,'2024-04-10 14:21:09',60),(142,'角色管理',2,'com.ruoyi.web.controller.system.SysRoleController.edit()','PUT',1,'admin',NULL,'/system/role','1.202.122.59','XX XX','{\"admin\":false,\"createTime\":\"2023-12-26 20:21:47\",\"dataScope\":\"2\",\"delFlag\":\"0\",\"deptCheckStrictly\":true,\"flag\":false,\"menuCheckStrictly\":true,\"menuIds\":[1,2002,2000,2003,2001,2004,2005,102,1012,1013,1014,1015],\"params\":{},\"remark\":\"普通角色\",\"roleId\":2,\"roleKey\":\"common\",\"roleName\":\"普通角色\",\"roleSort\":2,\"status\":\"0\",\"updateBy\":\"admin\"}','{\"msg\":\"操作成功\",\"code\":200}',0,NULL,'2024-04-10 14:29:34',64),(143,'用户管理',2,'com.ruoyi.web.controller.system.SysUserController.edit()','PUT',1,'admin',NULL,'/system/user','1.202.122.59','XX XX','{\"admin\":false,\"avatar\":\"\",\"createBy\":\"admin\",\"createTime\":\"2024-04-10 14:19:58\",\"currency\":15,\"delFlag\":\"0\",\"email\":\"\",\"loginDate\":\"2024-04-10 14:20:04\",\"loginIp\":\"1.202.122.59\",\"nickName\":\"user\",\"params\":{},\"phonenumber\":\"\",\"postIds\":[],\"roleIds\":[2],\"roles\":[{\"admin\":false,\"dataScope\":\"2\",\"deptCheckStrictly\":false,\"flag\":false,\"menuCheckStrictly\":false,\"params\":{},\"roleId\":2,\"roleKey\":\"common\",\"roleName\":\"普通角色\",\"roleSort\":2,\"status\":\"0\"}],\"sex\":\"0\",\"status\":\"0\",\"updateBy\":\"admin\",\"userId\":104,\"userName\":\"user\"}','{\"msg\":\"操作成功\",\"code\":200}',0,NULL,'2024-04-10 14:30:27',67),(144,'角色管理',2,'com.ruoyi.web.controller.system.SysRoleController.edit()','PUT',1,'admin',NULL,'/system/role','1.202.122.59','XX XX','{\"admin\":false,\"createTime\":\"2023-12-26 20:21:47\",\"dataScope\":\"2\",\"delFlag\":\"0\",\"deptCheckStrictly\":true,\"flag\":false,\"menuCheckStrictly\":true,\"menuIds\":[2002,2000,2003,2001,2004,2005,1,100,1000,1001,1002,1003,1004,1005,1006,101,1007,1008,1009,1010,1011,102,1012,1013,1014,1015,103,1016,1017,1018,1019,104,1020,1021,1022,1023,1024,105,1025,1026,1027,1028,1029,106,1030,1031,1032,1033,1034,107,1035,1036,1037,1038,108,500,1039,1040,1041,501,1042,1043,1044,1045],\"params\":{},\"remark\":\"普通角色\",\"roleId\":2,\"roleKey\":\"common\",\"roleName\":\"普通角色\",\"roleSort\":2,\"status\":\"0\",\"updateBy\":\"admin\"}','{\"msg\":\"操作成功\",\"code\":200}',0,NULL,'2024-04-10 14:31:17',64),(145,'代码生成',6,'com.ruoyi.generator.controller.GenController.importTableSave()','POST',1,'admin',NULL,'/tool/gen/importTable','114.246.94.57','XX XX','{\"tables\":\"sys_user\"}','{\"msg\":\"操作成功\",\"code\":200}',0,NULL,'2024-04-17 15:28:40',494),(146,'代码生成',8,'com.ruoyi.generator.controller.GenController.batchGenCode()','GET',1,'admin',NULL,'/tool/gen/batchGenCode','114.246.94.57','XX XX','{\"tables\":\"sys_user\"}',NULL,0,NULL,'2024-04-17 15:28:50',641),(147,'代码生成',6,'com.ruoyi.generator.controller.GenController.importTableSave()','POST',1,'admin',NULL,'/tool/gen/importTable','114.246.94.57','XX XX','{\"tables\":\"attendance\"}','{\"msg\":\"操作成功\",\"code\":200}',0,NULL,'2024-04-17 15:30:13',324),(148,'代码生成',8,'com.ruoyi.generator.controller.GenController.batchGenCode()','GET',1,'admin',NULL,'/tool/gen/batchGenCode','114.246.94.57','XX XX','{\"tables\":\"attendance\"}',NULL,0,NULL,'2024-04-17 15:30:17',228),(149,'代码生成',6,'com.ruoyi.generator.controller.GenController.importTableSave()','POST',1,'admin',NULL,'/tool/gen/importTable','123.113.242.132','XX XX','{\"tables\":\"oj_review\"}','{\"msg\":\"操作成功\",\"code\":200}',0,NULL,'2024-06-20 20:47:32',192),(150,'代码生成',8,'com.ruoyi.generator.controller.GenController.batchGenCode()','GET',1,'admin',NULL,'/tool/gen/batchGenCode','123.113.242.132','XX XX','{\"tables\":\"oj_review\"}',NULL,0,NULL,'2024-06-20 20:47:36',272),(151,'用户头像',2,'com.ruoyi.web.controller.system.SysProfileController.avatar()','POST',1,'admin',NULL,'/system/user/profile/avatar','58.56.96.30','XX XX','','{\"msg\":\"操作成功\",\"imgUrl\":\"http://ia-isliujiao.oss-cn-beijing.aliyuncs.com/images/2024-11-07/1730942937375349.png\",\"code\":200}',0,NULL,'2024-11-07 01:28:58',1177),(152,'用户头像',2,'com.ruoyi.web.controller.system.SysProfileController.avatar()','POST',1,'admin',NULL,'/system/user/profile/avatar','58.56.96.30','XX XX','','{\"msg\":\"操作成功\",\"imgUrl\":\"http://ia-isliujiao.oss-cn-beijing.aliyuncs.com/images/2024-11-07/17309429577193978.png\",\"code\":200}',0,NULL,'2024-11-07 01:29:17',122),(153,'用户头像',2,'com.ruoyi.web.controller.system.SysProfileController.avatar()','POST',1,'admin',NULL,'/system/user/profile/avatar','127.0.0.1','内网IP','','{\"msg\":\"操作成功\",\"imgUrl\":\"http://ia-isliujiao.oss-cn-beijing.aliyuncs.com/images/2024-11-07/17309432380829634.png\",\"code\":200}',0,NULL,'2024-11-07 01:33:57',352),(154,'菜单管理',1,'com.ruoyi.web.controller.system.SysMenuController.add()','POST',1,'admin',NULL,'/system/menu','58.56.96.28','XX XX','{\"children\":[],\"createBy\":\"admin\",\"icon\":\"post\",\"isCache\":\"0\",\"isFrame\":\"1\",\"menuName\":\"帖子文章\",\"menuType\":\"M\",\"orderNum\":11,\"params\":{},\"parentId\":0,\"path\":\"/post\",\"status\":\"0\",\"visible\":\"0\"}','{\"msg\":\"操作成功\",\"code\":200}',0,NULL,'2024-12-17 06:36:17',93),(155,'菜单管理',2,'com.ruoyi.web.controller.system.SysMenuController.edit()','PUT',1,'admin',NULL,'/system/menu','58.56.96.28','XX XX','{\"children\":[],\"createTime\":\"2024-12-17 06:36:17\",\"icon\":\"post\",\"isCache\":\"0\",\"isFrame\":\"1\",\"menuId\":2006,\"menuName\":\"帖子文章\",\"menuType\":\"M\",\"orderNum\":4,\"params\":{},\"parentId\":0,\"path\":\"/post\",\"perms\":\"\",\"status\":\"0\",\"updateBy\":\"admin\",\"visible\":\"0\"}','{\"msg\":\"操作成功\",\"code\":200}',0,NULL,'2024-12-17 06:37:07',35),(156,'菜单管理',3,'com.ruoyi.web.controller.system.SysMenuController.remove()','DELETE',1,'admin',NULL,'/system/menu/4','58.56.96.28','XX XX','{}','{\"msg\":\"菜单已分配,不允许删除\",\"code\":601}',0,NULL,'2024-12-17 06:37:16',71),(157,'菜单管理',2,'com.ruoyi.web.controller.system.SysMenuController.edit()','PUT',1,'admin',NULL,'/system/menu','127.0.0.1','内网IP','{\"children\":[],\"component\":\"chat/index\",\"createTime\":\"2023-11-20 10:42:58\",\"icon\":\"qq\",\"isCache\":\"0\",\"isFrame\":\"1\",\"menuId\":2002,\"menuName\":\"聊天室\",\"menuType\":\"C\",\"orderNum\":10,\"params\":{},\"parentId\":0,\"path\":\"chat/index\",\"perms\":\"\",\"status\":\"0\",\"updateBy\":\"admin\",\"visible\":\"0\"}','{\"msg\":\"操作成功\",\"code\":200}',0,NULL,'2024-12-17 06:45:55',189),(158,'菜单管理',2,'com.ruoyi.web.controller.system.SysMenuController.edit()','PUT',1,'admin',NULL,'/system/menu','127.0.0.1','内网IP','{\"children\":[],\"component\":\"search/index\",\"createTime\":\"2023-11-20 10:30:22\",\"icon\":\"search\",\"isCache\":\"0\",\"isFrame\":\"1\",\"menuId\":2000,\"menuName\":\"聚合搜索\",\"menuType\":\"C\",\"orderNum\":20,\"params\":{},\"parentId\":0,\"path\":\"search/index\",\"perms\":\"\",\"status\":\"0\",\"updateBy\":\"admin\",\"visible\":\"0\"}','{\"msg\":\"操作成功\",\"code\":200}',0,NULL,'2024-12-17 06:46:00',134),(159,'菜单管理',2,'com.ruoyi.web.controller.system.SysMenuController.edit()','PUT',1,'admin',NULL,'/system/menu','127.0.0.1','内网IP','{\"children\":[],\"createTime\":\"2023-12-16 19:26:14\",\"icon\":\"chart\",\"isCache\":\"0\",\"isFrame\":\"1\",\"menuId\":2003,\"menuName\":\"BI智能分析\",\"menuType\":\"M\",\"orderNum\":30,\"params\":{},\"parentId\":0,\"path\":\"/bi\",\"perms\":\"\",\"status\":\"0\",\"updateBy\":\"admin\",\"visible\":\"0\"}','{\"msg\":\"操作成功\",\"code\":200}',0,NULL,'2024-12-17 06:46:09',179),(160,'菜单管理',2,'com.ruoyi.web.controller.system.SysMenuController.edit()','PUT',1,'admin',NULL,'/system/menu','127.0.0.1','内网IP','{\"children\":[],\"createTime\":\"2023-12-26 20:21:51\",\"icon\":\"system\",\"isCache\":\"0\",\"isFrame\":\"1\",\"menuId\":1,\"menuName\":\"系统管理\",\"menuType\":\"M\",\"orderNum\":40,\"params\":{},\"parentId\":0,\"path\":\"system\",\"perms\":\"\",\"query\":\"\",\"status\":\"0\",\"updateBy\":\"admin\",\"visible\":\"0\"}','{\"msg\":\"操作成功\",\"code\":200}',0,NULL,'2024-12-17 06:46:14',181),(161,'菜单管理',2,'com.ruoyi.web.controller.system.SysMenuController.edit()','PUT',1,'admin',NULL,'/system/menu','127.0.0.1','内网IP','{\"children\":[],\"createTime\":\"2024-12-17 06:36:17\",\"icon\":\"post\",\"isCache\":\"0\",\"isFrame\":\"1\",\"menuId\":2006,\"menuName\":\"帖子文章\",\"menuType\":\"M\",\"orderNum\":40,\"params\":{},\"parentId\":0,\"path\":\"/post\",\"perms\":\"\",\"status\":\"0\",\"updateBy\":\"admin\",\"visible\":\"0\"}','{\"msg\":\"操作成功\",\"code\":200}',0,NULL,'2024-12-17 06:46:18',265),(162,'菜单管理',2,'com.ruoyi.web.controller.system.SysMenuController.edit()','PUT',1,'admin',NULL,'/system/menu','127.0.0.1','内网IP','{\"children\":[],\"createTime\":\"2023-12-26 20:21:53\",\"icon\":\"guide\",\"isCache\":\"0\",\"isFrame\":\"0\",\"menuId\":4,\"menuName\":\"若依官网\",\"menuType\":\"M\",\"orderNum\":40,\"params\":{},\"parentId\":0,\"path\":\"http://ruoyi.vip\",\"perms\":\"\",\"query\":\"\",\"status\":\"0\",\"updateBy\":\"admin\",\"visible\":\"1\"}','{\"msg\":\"操作成功\",\"code\":200}',0,NULL,'2024-12-17 06:46:22',170),(163,'菜单管理',2,'com.ruoyi.web.controller.system.SysMenuController.edit()','PUT',1,'admin',NULL,'/system/menu','127.0.0.1','内网IP','{\"children\":[],\"createTime\":\"2023-12-26 20:21:52\",\"icon\":\"monitor\",\"isCache\":\"0\",\"isFrame\":\"1\",\"menuId\":2,\"menuName\":\"系统监控\",\"menuType\":\"M\",\"orderNum\":50,\"params\":{},\"parentId\":0,\"path\":\"monitor\",\"perms\":\"\",\"query\":\"\",\"status\":\"0\",\"updateBy\":\"admin\",\"visible\":\"0\"}','{\"msg\":\"操作成功\",\"code\":200}',0,NULL,'2024-12-17 06:46:27',125),(164,'菜单管理',2,'com.ruoyi.web.controller.system.SysMenuController.edit()','PUT',1,'admin',NULL,'/system/menu','127.0.0.1','内网IP','{\"children\":[],\"createTime\":\"2023-12-26 20:21:52\",\"icon\":\"tool\",\"isCache\":\"0\",\"isFrame\":\"1\",\"menuId\":3,\"menuName\":\"系统工具\",\"menuType\":\"M\",\"orderNum\":60,\"params\":{},\"parentId\":0,\"path\":\"tool\",\"perms\":\"\",\"query\":\"\",\"status\":\"0\",\"updateBy\":\"admin\",\"visible\":\"0\"}','{\"msg\":\"操作成功\",\"code\":200}',0,NULL,'2024-12-17 06:46:30',199),(165,'菜单管理',2,'com.ruoyi.web.controller.system.SysMenuController.edit()','PUT',1,'admin',NULL,'/system/menu','127.0.0.1','内网IP','{\"children\":[],\"createTime\":\"2023-12-26 20:21:51\",\"icon\":\"system\",\"isCache\":\"0\",\"isFrame\":\"1\",\"menuId\":1,\"menuName\":\"系统管理\",\"menuType\":\"M\",\"orderNum\":50,\"params\":{},\"parentId\":0,\"path\":\"system\",\"perms\":\"\",\"query\":\"\",\"status\":\"0\",\"updateBy\":\"admin\",\"visible\":\"0\"}','{\"msg\":\"操作成功\",\"code\":200}',0,NULL,'2024-12-17 06:46:46',195),(166,'菜单管理',2,'com.ruoyi.web.controller.system.SysMenuController.edit()','PUT',1,'admin',NULL,'/system/menu','127.0.0.1','内网IP','{\"children\":[],\"createTime\":\"2023-12-26 20:21:52\",\"icon\":\"monitor\",\"isCache\":\"0\",\"isFrame\":\"1\",\"menuId\":2,\"menuName\":\"系统监控\",\"menuType\":\"M\",\"orderNum\":6,\"params\":{},\"parentId\":0,\"path\":\"monitor\",\"perms\":\"\",\"query\":\"\",\"status\":\"0\",\"updateBy\":\"admin\",\"visible\":\"0\"}','{\"msg\":\"操作成功\",\"code\":200}',0,NULL,'2024-12-17 06:46:56',170),(167,'菜单管理',2,'com.ruoyi.web.controller.system.SysMenuController.edit()','PUT',1,'admin',NULL,'/system/menu','127.0.0.1','内网IP','{\"children\":[],\"createTime\":\"2023-12-26 20:21:52\",\"icon\":\"monitor\",\"isCache\":\"0\",\"isFrame\":\"1\",\"menuId\":2,\"menuName\":\"系统监控\",\"menuType\":\"M\",\"orderNum\":60,\"params\":{},\"parentId\":0,\"path\":\"monitor\",\"perms\":\"\",\"query\":\"\",\"status\":\"0\",\"updateBy\":\"admin\",\"visible\":\"0\"}','{\"msg\":\"操作成功\",\"code\":200}',0,NULL,'2024-12-17 06:47:02',203),(168,'菜单管理',2,'com.ruoyi.web.controller.system.SysMenuController.edit()','PUT',1,'admin',NULL,'/system/menu','127.0.0.1','内网IP','{\"children\":[],\"createTime\":\"2023-12-26 20:21:52\",\"icon\":\"monitor\",\"isCache\":\"0\",\"isFrame\":\"1\",\"menuId\":2,\"menuName\":\"系统监控\",\"menuType\":\"M\",\"orderNum\":70,\"params\":{},\"parentId\":0,\"path\":\"monitor\",\"perms\":\"\",\"query\":\"\",\"status\":\"0\",\"updateBy\":\"admin\",\"visible\":\"0\"}','{\"msg\":\"操作成功\",\"code\":200}',0,NULL,'2024-12-17 06:47:41',173),(169,'菜单管理',2,'com.ruoyi.web.controller.system.SysMenuController.edit()','PUT',1,'admin',NULL,'/system/menu','127.0.0.1','内网IP','{\"children\":[],\"component\":\"post/index\",\"createTime\":\"2024-12-17 06:36:17\",\"icon\":\"post\",\"isCache\":\"0\",\"isFrame\":\"1\",\"menuId\":2006,\"menuName\":\"帖子文章\",\"menuType\":\"C\",\"orderNum\":40,\"params\":{},\"parentId\":0,\"path\":\"post/index\",\"perms\":\"\",\"status\":\"0\",\"updateBy\":\"admin\",\"visible\":\"0\"}','{\"msg\":\"操作成功\",\"code\":200}',0,NULL,'2024-12-17 06:48:19',212),(170,'菜单管理',2,'com.ruoyi.web.controller.system.SysMenuController.edit()','PUT',1,'admin',NULL,'/system/menu','127.0.0.1','内网IP','{\"children\":[],\"component\":\"post/index\",\"createTime\":\"2024-12-17 06:36:17\",\"icon\":\"post\",\"isCache\":\"0\",\"isFrame\":\"1\",\"menuId\":2006,\"menuName\":\"帖子文章\",\"menuType\":\"C\",\"orderNum\":30,\"params\":{},\"parentId\":0,\"path\":\"post/index\",\"perms\":\"\",\"status\":\"0\",\"updateBy\":\"admin\",\"visible\":\"0\"}','{\"msg\":\"操作成功\",\"code\":200}',0,NULL,'2024-12-17 06:49:39',165),(171,'菜单管理',2,'com.ruoyi.web.controller.system.SysMenuController.edit()','PUT',1,'admin',NULL,'/system/menu','127.0.0.1','内网IP','{\"children\":[],\"createTime\":\"2023-12-16 19:26:14\",\"icon\":\"chart\",\"isCache\":\"0\",\"isFrame\":\"1\",\"menuId\":2003,\"menuName\":\"BI智能分析\",\"menuType\":\"M\",\"orderNum\":40,\"params\":{},\"parentId\":0,\"path\":\"/bi\",\"perms\":\"\",\"status\":\"0\",\"updateBy\":\"admin\",\"visible\":\"0\"}','{\"msg\":\"操作成功\",\"code\":200}',0,NULL,'2024-12-17 06:49:46',132);
/*!40000 ALTER TABLE `sys_oper_log` ENABLE KEYS */;
UNLOCK TABLES;

--
-- Table structure for table `sys_post`
--

DROP TABLE IF EXISTS `sys_post`;
/*!40101 SET @saved_cs_client     = @@character_set_client */;
/*!50503 SET character_set_client = utf8mb4 */;
CREATE TABLE `sys_post` (
  `post_id` bigint NOT NULL AUTO_INCREMENT COMMENT '岗位ID',
  `post_code` varchar(64) CHARACTER SET utf8mb4 COLLATE utf8mb4_0900_ai_ci NOT NULL COMMENT '岗位编码',
  `post_name` varchar(50) CHARACTER SET utf8mb4 COLLATE utf8mb4_0900_ai_ci NOT NULL COMMENT '岗位名称',
  `post_sort` int NOT NULL COMMENT '显示顺序',
  `status` char(1) CHARACTER SET utf8mb4 COLLATE utf8mb4_0900_ai_ci NOT NULL COMMENT '状态（0正常 1停用）',
  `create_by` varchar(64) CHARACTER SET utf8mb4 COLLATE utf8mb4_0900_ai_ci DEFAULT '' COMMENT '创建者',
  `create_time` datetime DEFAULT NULL COMMENT '创建时间',
  `update_by` varchar(64) CHARACTER SET utf8mb4 COLLATE utf8mb4_0900_ai_ci DEFAULT '' COMMENT '更新者',
  `update_time` datetime DEFAULT NULL COMMENT '更新时间',
  `remark` varchar(500) CHARACTER SET utf8mb4 COLLATE utf8mb4_0900_ai_ci DEFAULT NULL COMMENT '备注',
  PRIMARY KEY (`post_id`) USING BTREE
) ENGINE=InnoDB AUTO_INCREMENT=5 DEFAULT CHARSET=utf8mb4 COLLATE=utf8mb4_0900_ai_ci ROW_FORMAT=DYNAMIC COMMENT='岗位信息表';
/*!40101 SET character_set_client = @saved_cs_client */;

--
-- Dumping data for table `sys_post`
--

LOCK TABLES `sys_post` WRITE;
/*!40000 ALTER TABLE `sys_post` DISABLE KEYS */;
INSERT INTO `sys_post` VALUES (1,'ceo','董事长',1,'0','admin','2023-12-26 20:21:41','',NULL,''),(2,'se','项目经理',2,'0','admin','2023-12-26 20:21:42','',NULL,''),(3,'hr','人力资源',3,'0','admin','2023-12-26 20:21:42','',NULL,''),(4,'user','普通员工',4,'0','admin','2023-12-26 20:21:43','',NULL,'');
/*!40000 ALTER TABLE `sys_post` ENABLE KEYS */;
UNLOCK TABLES;

--
-- Table structure for table `sys_role`
--

DROP TABLE IF EXISTS `sys_role`;
/*!40101 SET @saved_cs_client     = @@character_set_client */;
/*!50503 SET character_set_client = utf8mb4 */;
CREATE TABLE `sys_role` (
  `role_id` bigint NOT NULL AUTO_INCREMENT COMMENT '角色ID',
  `role_name` varchar(30) CHARACTER SET utf8mb4 COLLATE utf8mb4_0900_ai_ci NOT NULL COMMENT '角色名称',
  `role_key` varchar(100) CHARACTER SET utf8mb4 COLLATE utf8mb4_0900_ai_ci NOT NULL COMMENT '角色权限字符串',
  `role_sort` int NOT NULL COMMENT '显示顺序',
  `data_scope` char(1) CHARACTER SET utf8mb4 COLLATE utf8mb4_0900_ai_ci DEFAULT '1' COMMENT '数据范围（1：全部数据权限 2：自定数据权限 3：本部门数据权限 4：本部门及以下数据权限）',
  `menu_check_strictly` tinyint(1) DEFAULT '1' COMMENT '菜单树选择项是否关联显示',
  `dept_check_strictly` tinyint(1) DEFAULT '1' COMMENT '部门树选择项是否关联显示',
  `status` char(1) CHARACTER SET utf8mb4 COLLATE utf8mb4_0900_ai_ci NOT NULL COMMENT '角色状态（0正常 1停用）',
  `del_flag` char(1) CHARACTER SET utf8mb4 COLLATE utf8mb4_0900_ai_ci DEFAULT '0' COMMENT '删除标志（0代表存在 2代表删除）',
  `create_by` varchar(64) CHARACTER SET utf8mb4 COLLATE utf8mb4_0900_ai_ci DEFAULT '' COMMENT '创建者',
  `create_time` datetime DEFAULT NULL COMMENT '创建时间',
  `update_by` varchar(64) CHARACTER SET utf8mb4 COLLATE utf8mb4_0900_ai_ci DEFAULT '' COMMENT '更新者',
  `update_time` datetime DEFAULT NULL COMMENT '更新时间',
  `remark` varchar(500) CHARACTER SET utf8mb4 COLLATE utf8mb4_0900_ai_ci DEFAULT NULL COMMENT '备注',
  PRIMARY KEY (`role_id`) USING BTREE
) ENGINE=InnoDB AUTO_INCREMENT=101 DEFAULT CHARSET=utf8mb4 COLLATE=utf8mb4_0900_ai_ci ROW_FORMAT=DYNAMIC COMMENT='角色信息表';
/*!40101 SET character_set_client = @saved_cs_client */;

--
-- Dumping data for table `sys_role`
--

LOCK TABLES `sys_role` WRITE;
/*!40000 ALTER TABLE `sys_role` DISABLE KEYS */;
INSERT INTO `sys_role` VALUES (1,'超级管理员','admin',1,'1',1,1,'0','0','admin','2023-12-26 20:21:47','',NULL,'超级管理员'),(2,'普通角色','common',2,'2',1,1,'0','0','admin','2023-12-26 20:21:47','admin','2024-04-10 14:31:17','普通角色'),(100,'VIP','vip',3,'1',1,1,'0','0','admin','2024-01-05 16:50:43','',NULL,'vip');
/*!40000 ALTER TABLE `sys_role` ENABLE KEYS */;
UNLOCK TABLES;

--
-- Table structure for table `sys_role_dept`
--

DROP TABLE IF EXISTS `sys_role_dept`;
/*!40101 SET @saved_cs_client     = @@character_set_client */;
/*!50503 SET character_set_client = utf8mb4 */;
CREATE TABLE `sys_role_dept` (
  `role_id` bigint NOT NULL COMMENT '角色ID',
  `dept_id` bigint NOT NULL COMMENT '部门ID',
  PRIMARY KEY (`role_id`,`dept_id`) USING BTREE
) ENGINE=InnoDB DEFAULT CHARSET=utf8mb4 COLLATE=utf8mb4_0900_ai_ci ROW_FORMAT=DYNAMIC COMMENT='角色和部门关联表';
/*!40101 SET character_set_client = @saved_cs_client */;

--
-- Dumping data for table `sys_role_dept`
--

LOCK TABLES `sys_role_dept` WRITE;
/*!40000 ALTER TABLE `sys_role_dept` DISABLE KEYS */;
INSERT INTO `sys_role_dept` VALUES (2,100),(2,101),(2,105);
/*!40000 ALTER TABLE `sys_role_dept` ENABLE KEYS */;
UNLOCK TABLES;

--
-- Table structure for table `sys_role_menu`
--

DROP TABLE IF EXISTS `sys_role_menu`;
/*!40101 SET @saved_cs_client     = @@character_set_client */;
/*!50503 SET character_set_client = utf8mb4 */;
CREATE TABLE `sys_role_menu` (
  `role_id` bigint NOT NULL COMMENT '角色ID',
  `menu_id` bigint NOT NULL COMMENT '菜单ID',
  PRIMARY KEY (`role_id`,`menu_id`) USING BTREE
) ENGINE=InnoDB DEFAULT CHARSET=utf8mb4 COLLATE=utf8mb4_0900_ai_ci ROW_FORMAT=DYNAMIC COMMENT='角色和菜单关联表';
/*!40101 SET character_set_client = @saved_cs_client */;

--
-- Dumping data for table `sys_role_menu`
--

LOCK TABLES `sys_role_menu` WRITE;
/*!40000 ALTER TABLE `sys_role_menu` DISABLE KEYS */;
INSERT INTO `sys_role_menu` VALUES (2,1),(2,100),(2,101),(2,102),(2,103),(2,104),(2,105),(2,106),(2,107),(2,108),(2,500),(2,501),(2,1000),(2,1001),(2,1002),(2,1003),(2,1004),(2,1005),(2,1006),(2,1007),(2,1008),(2,1009),(2,1010),(2,1011),(2,1012),(2,1013),(2,1014),(2,1015),(2,1016),(2,1017),(2,1018),(2,1019),(2,1020),(2,1021),(2,1022),(2,1023),(2,1024),(2,1025),(2,1026),(2,1027),(2,1028),(2,1029),(2,1030),(2,1031),(2,1032),(2,1033),(2,1034),(2,1035),(2,1036),(2,1037),(2,1038),(2,1039),(2,1040),(2,1041),(2,1042),(2,1043),(2,1044),(2,1045),(2,2000),(2,2001),(2,2002),(2,2003),(2,2004),(2,2005),(100,1),(100,2),(100,3),(100,4),(100,100),(100,101),(100,102),(100,103),(100,104),(100,105),(100,106),(100,107),(100,108),(100,109),(100,110),(100,111),(100,112),(100,113),(100,114),(100,115),(100,116),(100,117),(100,500),(100,501),(100,1000),(100,1001),(100,1002),(100,1003),(100,1004),(100,1005),(100,1006),(100,1007),(100,1008),(100,1009),(100,1010),(100,1011),(100,1012),(100,1013),(100,1014),(100,1015),(100,1016),(100,1017),(100,1018),(100,1019),(100,1020),(100,1021),(100,1022),(100,1023),(100,1024),(100,1025),(100,1026),(100,1027),(100,1028),(100,1029),(100,1030),(100,1031),(100,1032),(100,1033),(100,1034),(100,1035),(100,1036),(100,1037),(100,1038),(100,1039),(100,1040),(100,1041),(100,1042),(100,1043),(100,1044),(100,1045),(100,1046),(100,1047),(100,1048),(100,1049),(100,1050),(100,1051),(100,1052),(100,1053),(100,1054),(100,1055),(100,1056),(100,1057),(100,1058),(100,1059),(100,1060),(100,2000),(100,2001),(100,2002),(100,2003),(100,2004),(100,2005);
/*!40000 ALTER TABLE `sys_role_menu` ENABLE KEYS */;
UNLOCK TABLES;

--
-- Table structure for table `sys_user`
--

DROP TABLE IF EXISTS `sys_user`;
/*!40101 SET @saved_cs_client     = @@character_set_client */;
/*!50503 SET character_set_client = utf8mb4 */;
CREATE TABLE `sys_user` (
  `user_id` bigint NOT NULL AUTO_INCREMENT COMMENT '用户ID',
  `dept_id` bigint DEFAULT NULL COMMENT '部门ID',
  `user_name` varchar(30) CHARACTER SET utf8mb4 COLLATE utf8mb4_0900_ai_ci NOT NULL COMMENT '用户账号',
  `nick_name` varchar(30) CHARACTER SET utf8mb4 COLLATE utf8mb4_0900_ai_ci NOT NULL COMMENT '用户昵称',
  `user_type` varchar(2) CHARACTER SET utf8mb4 COLLATE utf8mb4_0900_ai_ci DEFAULT '00' COMMENT '用户类型（00系统用户）',
  `email` varchar(50) CHARACTER SET utf8mb4 COLLATE utf8mb4_0900_ai_ci DEFAULT '' COMMENT '用户邮箱',
  `phonenumber` varchar(11) CHARACTER SET utf8mb4 COLLATE utf8mb4_0900_ai_ci DEFAULT '' COMMENT '手机号码',
  `sex` char(1) CHARACTER SET utf8mb4 COLLATE utf8mb4_0900_ai_ci DEFAULT '0' COMMENT '用户性别（0男 1女 2未知）',
  `avatar` varchar(500) CHARACTER SET utf8mb4 COLLATE utf8mb4_0900_ai_ci DEFAULT '' COMMENT '头像地址',
  `password` varchar(100) CHARACTER SET utf8mb4 COLLATE utf8mb4_0900_ai_ci DEFAULT '' COMMENT '密码',
  `status` char(1) CHARACTER SET utf8mb4 COLLATE utf8mb4_0900_ai_ci DEFAULT '0' COMMENT '帐号状态（0正常 1停用）',
  `del_flag` char(1) CHARACTER SET utf8mb4 COLLATE utf8mb4_0900_ai_ci DEFAULT '0' COMMENT '删除标志（0代表存在 2代表删除）',
  `login_ip` varchar(128) CHARACTER SET utf8mb4 COLLATE utf8mb4_0900_ai_ci DEFAULT '' COMMENT '最后登录IP',
  `login_date` datetime DEFAULT NULL COMMENT '最后登录时间',
  `create_by` varchar(64) CHARACTER SET utf8mb4 COLLATE utf8mb4_0900_ai_ci DEFAULT '' COMMENT '创建者',
  `create_time` datetime DEFAULT NULL COMMENT '创建时间',
  `update_by` varchar(64) CHARACTER SET utf8mb4 COLLATE utf8mb4_0900_ai_ci DEFAULT '' COMMENT '更新者',
  `update_time` datetime DEFAULT NULL COMMENT '更新时间',
  `remark` varchar(500) CHARACTER SET utf8mb4 COLLATE utf8mb4_0900_ai_ci DEFAULT NULL COMMENT '备注',
  `currency` int DEFAULT '15' COMMENT '通行货币',
  PRIMARY KEY (`user_id`) USING BTREE
) ENGINE=InnoDB AUTO_INCREMENT=10000 DEFAULT CHARSET=utf8mb4 COLLATE=utf8mb4_0900_ai_ci ROW_FORMAT=DYNAMIC COMMENT='用户信息表';
/*!40101 SET character_set_client = @saved_cs_client */;

--
-- Dumping data for table `sys_user`
--

LOCK TABLES `sys_user` WRITE;
/*!40000 ALTER TABLE `sys_user` DISABLE KEYS */;
INSERT INTO `sys_user` VALUES (1,103,'admin','管理员','00','ry@163.com','15888888888','0','http://ia-isliujiao.oss-cn-beijing.aliyuncs.com/images/2024-11-07/17309432380829634.png','$2a$10$7JB720yubVSZvUI0rEqK/.VqGOZTH.ulu33dHOiBE8ByOhJIrdAu2','0','0','183.50.49.152','2026-01-10 11:30:35','admin','2023-12-26 20:21:37','','2026-01-10 03:30:35','管理员',1),(2,105,'ry','若依','00','ry@qq.com','15666666666','1','http://ia-isliujiao.oss-cn-beijing.aliyuncs.com/images/2024-03-09/1709987434258248.png','$2a$10$7JB720yubVSZvUI0rEqK/.VqGOZTH.ulu33dHOiBE8ByOhJIrdAu2','0','0','127.0.0.1','2024-11-13 18:19:13','admin','2023-12-26 20:21:37','','2024-11-13 10:19:12','测试员',11),(100,100,'wgl','wgl','00','','','0','','$2a$10$/zc.6gas0Q94oDPWa0jQQeY7xtpV6YXHj5Yva3w9Slv.zSbio7j.2','0','0','127.0.0.1','2024-07-05 23:11:00','admin','2024-01-05 16:48:13','admin','2024-07-05 23:10:53',NULL,14),(101,NULL,'gqc','gqc','00','','','0','','$2a$10$M62lLDHo2OGU7Bh2sKHEruNElOPBxox4Tzb1MMhm7q241i7vSrEwS','0','0','112.224.161.164','2024-06-27 13:25:25','admin','2024-01-05 17:07:23','','2024-06-27 13:25:24',NULL,0),(102,NULL,'smy','smy','00','','','1','','$2a$10$y9VvCN6b81KNRFqJeRtVauc7S9z9FgYUbhhGkrmoeTKCKd1FBDLXu','0','0','212.87.193.22','2024-01-17 16:22:19','admin','2024-01-17 15:11:13','','2024-01-17 16:22:19',NULL,15),(103,NULL,'用户1','user','00','','','0','','$2a$10$dXuEhxv9bDQbT7/EXFEpIufbBow4b4Xw2bQwW9y63wNTvmjMME35i','0','2','',NULL,'admin','2024-04-10 14:18:44','',NULL,NULL,15),(104,NULL,'user','user','00','','','0','','$2a$10$YPSULCPz6CfSVMqh0//qkeS91yNBEq7NCcWMAlt0n/WJ0wJjN2n.2','0','0','1.202.122.59','2024-04-10 14:45:56','admin','2024-04-10 14:19:58','admin','2024-04-10 14:45:56',NULL,15);
/*!40000 ALTER TABLE `sys_user` ENABLE KEYS */;
UNLOCK TABLES;

--
-- Table structure for table `sys_user_post`
--

DROP TABLE IF EXISTS `sys_user_post`;
/*!40101 SET @saved_cs_client     = @@character_set_client */;
/*!50503 SET character_set_client = utf8mb4 */;
CREATE TABLE `sys_user_post` (
  `user_id` bigint NOT NULL COMMENT '用户ID',
  `post_id` bigint NOT NULL COMMENT '岗位ID',
  PRIMARY KEY (`user_id`,`post_id`) USING BTREE
) ENGINE=InnoDB DEFAULT CHARSET=utf8mb4 COLLATE=utf8mb4_0900_ai_ci ROW_FORMAT=DYNAMIC COMMENT='用户与岗位关联表';
/*!40101 SET character_set_client = @saved_cs_client */;

--
-- Dumping data for table `sys_user_post`
--

LOCK TABLES `sys_user_post` WRITE;
/*!40000 ALTER TABLE `sys_user_post` DISABLE KEYS */;
INSERT INTO `sys_user_post` VALUES (1,1),(2,2);
/*!40000 ALTER TABLE `sys_user_post` ENABLE KEYS */;
UNLOCK TABLES;

--
-- Table structure for table `sys_user_role`
--

DROP TABLE IF EXISTS `sys_user_role`;
/*!40101 SET @saved_cs_client     = @@character_set_client */;
/*!50503 SET character_set_client = utf8mb4 */;
CREATE TABLE `sys_user_role` (
  `user_id` bigint NOT NULL COMMENT '用户ID',
  `role_id` bigint NOT NULL COMMENT '角色ID',
  PRIMARY KEY (`user_id`,`role_id`) USING BTREE
) ENGINE=InnoDB DEFAULT CHARSET=utf8mb4 COLLATE=utf8mb4_0900_ai_ci ROW_FORMAT=DYNAMIC COMMENT='用户和角色关联表';
/*!40101 SET character_set_client = @saved_cs_client */;

--
-- Dumping data for table `sys_user_role`
--

LOCK TABLES `sys_user_role` WRITE;
/*!40000 ALTER TABLE `sys_user_role` DISABLE KEYS */;
INSERT INTO `sys_user_role` VALUES (1,1),(2,2),(100,100),(101,100),(102,100),(104,2);
/*!40000 ALTER TABLE `sys_user_role` ENABLE KEYS */;
UNLOCK TABLES;

--
-- Dumping events for database 'ry-vue'
--

--
-- Dumping routines for database 'ry-vue'
--
/*!40103 SET TIME_ZONE=@OLD_TIME_ZONE */;

/*!40101 SET SQL_MODE=@OLD_SQL_MODE */;
/*!40014 SET FOREIGN_KEY_CHECKS=@OLD_FOREIGN_KEY_CHECKS */;
/*!40014 SET UNIQUE_CHECKS=@OLD_UNIQUE_CHECKS */;
/*!40101 SET CHARACTER_SET_CLIENT=@OLD_CHARACTER_SET_CLIENT */;
/*!40101 SET CHARACTER_SET_RESULTS=@OLD_CHARACTER_SET_RESULTS */;
/*!40101 SET COLLATION_CONNECTION=@OLD_COLLATION_CONNECTION */;
/*!40111 SET SQL_NOTES=@OLD_SQL_NOTES */;

-- Dump completed on 2026-03-28  7:11:05
